user_id,secs_elapsed,timestamp_first_active,gender,age,signup_method,signup_flow,language,affiliate_channel,affiliate_provider,first_affiliate_tracked,signup_app,first_device_type,first_browser,country_destination
0035hobuyj,5410613,20140102222454.0,FEMALE,47.0,basic,0.0,en,sem-brand,google,omg,Web,Mac Desktop,Safari,US
00s1ecz3b2,492667,20140102051104.0,MALE,47.0,basic,0.0,en,sem-brand,google,omg,Web,Mac Desktop,Safari,US
039664pl26,1293531,20140102205915.0,FEMALE,25.0,basic,0.0,en,sem-non-brand,google,linked,Web,Mac Desktop,Safari,US
03jbozytmd,577495,20140107235032.0,MALE,27.0,basic,23.0,en,direct,direct,omg,Android,Windows Desktop,IE,other
03qbeknjp1,3550037,20140102212824.0,-unknown-,47.0,basic,0.0,nl,direct,direct,untracked,Web,Mac Desktop,Safari,other
04kwlgm6ke,2305071,20140106055308.0,FEMALE,49.0,facebook,0.0,en,direct,direct,untracked,Web,Windows Desktop,IE,US
058h6gp2af,968265,20140107233200.0,MALE,35.0,basic,0.0,en,direct,direct,linked,Web,Windows Desktop,Firefox,US
07uj7rw2h7,2001378,20140102043322.0,-unknown-,31.0,basic,0.0,en,direct,direct,linked,Web,Windows Desktop,Chrome,FR
09305vitud,5746760,20140103052611.0,MALE,27.0,basic,0.0,en,direct,direct,linked,Web,Desktop (Other),Chrome,other
0axhxz1wuv,1318764,20140106001405.0,FEMALE,29.0,basic,0.0,en,other,other,linked,Web,iPad,Mobile Safari,US
0cyihyw891,583168,20140106045151.0,-unknown-,47.0,basic,0.0,en,direct,direct,untracked,Web,Mac Desktop,Safari,GB
0e9rascg0c,226145,20140101184913.0,-unknown-,47.0,basic,0.0,zh,direct,direct,untracked,Web,Windows Desktop,IE,US
0gwnjqum9m,919320,20140102003328.0,MALE,27.0,facebook,12.0,en,api,other,untracked,iOS,iPhone,Mobile Safari,AU
0hd0eohy12,2911192,20140105220144.0,-unknown-,34.0,basic,0.0,en,direct,direct,untracked,Web,Windows Desktop,Firefox,US
0hiz56zwb3,984917,20140103221350.0,MALE,30.0,facebook,12.0,en,api,other,untracked,iOS,Mac Desktop,Chrome,US
0k9eckjoem,1832817,20140106171849.0,FEMALE,25.0,basic,0.0,en,direct,direct,linked,Web,Windows Desktop,Chrome,US
0l461nxs9e,739170,20140102003350.0,FEMALE,22.0,facebook,0.0,en,sem-brand,google,omg,Web,Mac Desktop,Chrome,GB
0lbc1mjaoy,979538,20140103190852.0,MALE,32.0,basic,0.0,en,direct,direct,untracked,Web,Mac Desktop,Safari,US
0m18zx9bvp,1135574,20140105062331.0,FEMALE,32.0,facebook,0.0,en,direct,direct,untracked,Web,Mac Desktop,Firefox,US
0mj2n4z537,4233374,20140103024901.0,MALE,37.0,basic,0.0,en,direct,direct,linked,Web,Mac Desktop,Firefox,US
0myopkoqkf,267735,20140106025844.0,FEMALE,24.0,basic,0.0,en,direct,direct,linked,Web,Windows Desktop,Firefox,US
0mz4757sl1,900650,20140106010318.0,MALE,28.0,basic,0.0,en,direct,direct,untracked,Web,Mac Desktop,Chrome,FR
0nby31atfq,21750,20140104152423.0,MALE,26.0,facebook,12.0,en,api,other,linked,iOS,Windows Desktop,Chrome,CA
0nj9omrii9,28234,20140104221858.0,-unknown-,47.0,basic,0.0,en,sem-brand,google,omg,Web,Windows Desktop,Firefox,US
0p80c9ndgr,857767,20140106132602.0,-unknown-,47.0,basic,0.0,en,direct,direct,linked,Web,Windows Desktop,Firefox,US
0scti3n4ep,959462,20140104015234.0,-unknown-,25.0,basic,0.0,en,direct,direct,linked,Web,Windows Desktop,Chrome,US
0teb2f9sxu,3249108,20140102220638.0,MALE,28.0,facebook,0.0,en,direct,direct,linked,Web,Windows Desktop,Chrome,US
0tgasvhj3j,21226,20140107074602.0,MALE,26.0,facebook,12.0,en,api,other,untracked,iOS,Windows Desktop,IE,US
0tiqwh4ui7,2798572,20140104004850.0,FEMALE,25.0,basic,0.0,en,seo,google,linked,Web,Desktop (Other),Chrome,US
0wg9imuufa,1741904,20140106011607.0,MALE,47.0,basic,0.0,en,sem-non-brand,google,omg,Web,Mac Desktop,Chrome,ES
0z0gmgc0t8,253382,20140105052955.0,FEMALE,46.0,basic,0.0,en,direct,direct,untracked,Web,Windows Desktop,Chrome,US
0zltwue43l,1874295,20140102211450.0,FEMALE,27.0,basic,0.0,en,seo,google,linked,Web,Windows Desktop,Chrome,US
11581i5wng,174141,20140101020334.0,-unknown-,47.0,basic,0.0,en,direct,direct,linked,Web,Mac Desktop,Chrome,FR
11kpjxindg,896111,20140103042627.0,-unknown-,37.0,basic,0.0,en,content,google,tracked-other,Web,iPhone,Mobile Safari,ES
147uaz8yva,570784,20140102001629.0,-unknown-,47.0,basic,0.0,en,direct,direct,omg,Web,Mac Desktop,Safari,US
14zggaolhw,2296402,20140103023124.0,-unknown-,47.0,basic,0.0,en,direct,direct,untracked,Web,Windows Desktop,Chrome,other
19nngdz1zx,666,20140105223142.0,-unknown-,47.0,basic,0.0,en,direct,direct,untracked,Web,Mac Desktop,Firefox,US
1c84juoz9l,24227,20140108000144.0,MALE,26.0,facebook,0.0,en,direct,direct,omg,Web,Mac Desktop,Safari,US
1f8empz57p,1058445,20140103173723.0,-unknown-,31.0,basic,0.0,en,direct,direct,linked,Web,Mac Desktop,Safari,US
1g18fjgi2m,1976503,20140101040203.0,FEMALE,35.0,basic,0.0,en,sem-brand,google,omg,Web,Windows Desktop,Chrome,US
1g19lpvnq2,2159827,20140106065236.0,MALE,28.0,basic,23.0,en,direct,direct,untracked,Android,Other/Unknown,-unknown-,US
1h4ughstd3,83220,20140103082030.0,-unknown-,31.0,basic,0.0,en,sem-brand,google,omg,Web,Mac Desktop,Chrome,other
1kfcy5ap89,22293,20140106234858.0,FEMALE,29.0,basic,0.0,en,seo,facebook,untracked,Web,Mac Desktop,Chrome,other
1lox83p90z,901641,20140102223336.0,MALE,30.0,basic,0.0,en,sem-brand,google,omg,Web,Mac Desktop,Safari,US
1tkb8vully,2782401,20140102010148.0,MALE,29.0,facebook,0.0,en,direct,direct,untracked,Web,Mac Desktop,Safari,AU
1y9ji3q9bg,20976,20140106202908.0,-unknown-,47.0,basic,25.0,en,direct,direct,untracked,iOS,iPhone,Mobile Safari,US
1z9xnhiw44,3887843,20140103034437.0,-unknown-,27.0,basic,0.0,en,direct,direct,untracked,Web,Mac Desktop,Firefox,US
1zbp81udfr,4135176,20140103010320.0,-unknown-,47.0,basic,0.0,en,sem-brand,google,untracked,Web,Mac Desktop,Safari,US
22pptt6qq6,373593,20140106055410.0,MALE,47.0,basic,0.0,en,sem-brand,google,omg,Web,Mac Desktop,Chrome,US
27g5f7wkyt,1867450,20140105020543.0,-unknown-,36.0,basic,24.0,en,direct,direct,product,Moweb,iPad,Mobile Safari,US
28fe5l5bax,1610805,20140107082156.0,MALE,27.0,basic,0.0,en,direct,direct,untracked,Web,Android Tablet,BlackBerry Browser,US
29tsz5d7l0,6440499,20140104211910.0,-unknown-,47.0,basic,0.0,en,seo,google,linked,Web,Mac Desktop,Safari,FR
2dki9pbssk,901787,20140103215634.0,FEMALE,26.0,basic,0.0,en,direct,direct,untracked,Web,Windows Desktop,Chrome,other
2esnaz4q4q,1875737,20140106200721.0,-unknown-,47.0,basic,0.0,en,other,other,tracked-other,Web,Windows Desktop,-unknown-,other
2feubapwj2,3876463,20140107041117.0,MALE,25.0,facebook,0.0,en,direct,direct,untracked,Web,Mac Desktop,Safari,US
2pw9yjm8aq,1092193,20140101091423.0,-unknown-,47.0,basic,0.0,en,seo,google,linked,Web,Windows Desktop,Chrome,other
2r3sw3rzss,896124,20140104234834.0,FEMALE,31.0,basic,0.0,en,direct,direct,linked,Web,Mac Desktop,Firefox,US
2sm70493bx,794319,20140105165424.0,-unknown-,30.0,basic,0.0,en,direct,direct,untracked,Web,Mac Desktop,Chrome,FR
2tpyj8s9wh,566831,20140103063003.0,MALE,43.0,basic,12.0,en,api,other,untracked,Android,Other/Unknown,-unknown-,other
2u476hc4t6,2249825,20140104000604.0,FEMALE,32.0,facebook,0.0,en,direct,direct,linked,Web,Windows Desktop,Chrome,US
2vxv32sfib,6798664,20140102025241.0,-unknown-,45.0,basic,23.0,en,direct,direct,untracked,Android,Other/Unknown,-unknown-,US
30c7hyczt6,1632969,20140104205710.0,FEMALE,32.0,basic,0.0,en,direct,direct,untracked,Web,Mac Desktop,Firefox,US
33jwb3h14j,1202203,20140103203651.0,MALE,33.0,basic,0.0,en,direct,direct,untracked,Web,Mac Desktop,Chrome,US
33u4tktbcq,3522806,20140102045605.0,-unknown-,42.0,basic,0.0,de,sem-non-brand,google,omg,Web,Windows Desktop,Firefox,US
347izv10nf,1856624,20140103181428.0,-unknown-,47.0,basic,0.0,en,direct,direct,untracked,Web,Windows Desktop,Firefox,US
374nydc45d,1575726,20140107040314.0,FEMALE,29.0,basic,25.0,en,direct,direct,omg,iOS,Mac Desktop,Chrome,US
37k03z52d8,495997,20140106064555.0,MALE,45.0,basic,0.0,en,direct,direct,untracked,Web,Mac Desktop,Safari,US
37p6yvgtst,552383,20140107162432.0,FEMALE,47.0,facebook,12.0,en,api,other,untracked,Moweb,Windows Desktop,IE,US
38140vb3be,3174875,20140105092243.0,MALE,30.0,facebook,0.0,en,direct,direct,linked,Web,Mac Desktop,Safari,US
38qq48xb9m,1801201,20140107215547.0,-unknown-,47.0,basic,0.0,en,direct,direct,linked,Web,Windows Desktop,Chrome,US
3ad866qncb,4764120,20140107031120.0,MALE,30.0,basic,0.0,en,seo,google,linked,Web,Windows Desktop,Chrome,other
3ax32yaz5f,1582998,20140103221529.0,-unknown-,47.0,basic,0.0,en,sem-brand,google,omg,Web,Mac Desktop,Safari,US
3b1okctsey,793662,20140102041828.0,-unknown-,26.0,basic,0.0,en,sem-brand,google,omg,Web,iPad,Mobile Safari,US
3c79dixc6d,1341717,20140106190846.0,-unknown-,47.0,basic,0.0,en,direct,direct,omg,Web,iPhone,Mobile Safari,FR
3cqcz2zsu1,226713,20140102234558.0,MALE,28.0,facebook,0.0,en,direct,direct,tracked-other,Web,Mac Desktop,Chrome,US
3d904vjqk3,2952258,20140103184220.0,FEMALE,27.0,basic,24.0,en,direct,direct,untracked,Moweb,Other/Unknown,-unknown-,US
3egtu34lgp,28335,20140106103346.0,MALE,37.0,facebook,12.0,en,api,other,untracked,iOS,iPad,Mobile Safari,US
3ehyb3nuas,695764,20140107025201.0,FEMALE,31.0,facebook,12.0,en,api,other,untracked,Moweb,iPhone,Mobile Safari,US
3faqght3pq,192705,20140102231153.0,MALE,26.0,facebook,0.0,en,other,padmapper,tracked-other,Web,Windows Desktop,Chrome,US
3hq3of3tsm,920435,20140107011302.0,FEMALE,25.0,facebook,0.0,en,direct,direct,untracked,Web,Mac Desktop,Chrome,US
3hy9yi6hi8,3945244,20140103045458.0,MALE,21.0,basic,0.0,zh,direct,direct,linked,Web,Mac Desktop,Safari,US
3k4ghos61u,2449600,20140105174947.0,MALE,29.0,facebook,0.0,en,direct,direct,untracked,Web,Windows Desktop,Chrome,US
3n3wz1i5y6,442439,20140101185416.0,-unknown-,47.0,basic,0.0,en,direct,direct,untracked,Web,Mac Desktop,Safari,US
3owcvt6691,845415,20140104213442.0,-unknown-,47.0,basic,0.0,en,direct,direct,untracked,Web,Mac Desktop,Safari,US
3q27i9zrym,1543016,20140107160524.0,MALE,44.0,basic,0.0,en,direct,direct,linked,Web,Mac Desktop,Chrome,US
3sqt92yj9y,1094404,20140103003323.0,-unknown-,47.0,basic,0.0,en,direct,direct,untracked,Web,Windows Desktop,Firefox,US
3u5nf8fwgu,438847,20140102193758.0,FEMALE,25.0,basic,0.0,en,direct,direct,untracked,Web,Windows Desktop,Chrome,US
3y4vvnxqji,4743443,20140107202125.0,FEMALE,23.0,basic,0.0,en,direct,direct,untracked,Web,Mac Desktop,Chrome,other
3y9yb83i2r,1553386,20140105051331.0,-unknown-,47.0,basic,0.0,en,direct,direct,omg,Web,Mac Desktop,Safari,other
3yzvbremi9,5384779,20140107223801.0,FEMALE,25.0,basic,0.0,en,direct,direct,linked,Web,Mac Desktop,Safari,US
408hxntaon,6233141,20140105223746.0,-unknown-,23.0,basic,0.0,en,direct,direct,untracked,Web,Mac Desktop,Chrome,US
40hhgle95c,3948781,20140105002628.0,-unknown-,47.0,basic,0.0,en,direct,direct,untracked,Web,Desktop (Other),Chrome,FR
40woh5mvk0,1792805,20140106200902.0,FEMALE,30.0,basic,0.0,en,direct,direct,linked,Web,Mac Desktop,Safari,US
45oq5vh8i0,325334,20140104030304.0,MALE,40.0,facebook,0.0,en,sem-brand,google,omg,Web,Windows Desktop,Chrome,US
46l68emabb,2038315,20140102193850.0,MALE,30.0,basic,0.0,en,direct,direct,untracked,Web,Windows Desktop,IE,US
4b869yqa9q,21259,20140104164404.0,MALE,33.0,facebook,12.0,en,api,other,untracked,iOS,Mac Desktop,Chrome,US
4cgolfx94c,12759498,20140107222934.0,MALE,23.0,facebook,0.0,en,direct,direct,tracked-other,Web,Mac Desktop,Safari,other
4dw8k5vt1t,625902,20140106153023.0,MALE,43.0,basic,0.0,en,direct,direct,linked,Web,Windows Desktop,Firefox,US
4dxyj7lsz1,810125,20140103231927.0,MALE,39.0,basic,0.0,en,seo,google,untracked,Web,Windows Desktop,Chrome,US
4et0h6osci,1390701,20140105064205.0,-unknown-,47.0,basic,0.0,en,sem-brand,google,omg,Web,Mac Desktop,Safari,FR
4eth9uqi5f,1112889,20140107023524.0,-unknown-,25.0,basic,25.0,en,direct,direct,untracked,iOS,iPhone,-unknown-,NL
4g7f9pouor,1839598,20140102234927.0,-unknown-,40.0,basic,0.0,en,direct,direct,untracked,Web,Mac Desktop,Safari,US
4i84im56h2,2974341,20140103052118.0,FEMALE,24.0,basic,0.0,en,direct,direct,untracked,Web,Mac Desktop,Chrome,US
4ia85y7ig3,995219,20140107223741.0,-unknown-,47.0,basic,0.0,en,direct,direct,untracked,Web,Mac Desktop,Safari,US
4ii2dkrpxg,310986,20140106200853.0,-unknown-,47.0,basic,0.0,en,direct,direct,untracked,Web,Mac Desktop,Safari,other
4jas6k2quy,235934,20140107221628.0,-unknown-,44.0,basic,0.0,en,sem-brand,google,omg,Web,Mac Desktop,Firefox,US
4jwxx7u8ru,420156,20140103192307.0,-unknown-,47.0,basic,0.0,en,direct,direct,linked,Web,Windows Desktop,IE,US
4kudo9dfjj,1166621,20140103192455.0,-unknown-,47.0,basic,0.0,en,direct,direct,linked,Web,Windows Desktop,Chrome,US
4n32dm2435,700830,20140101064120.0,MALE,42.0,basic,0.0,en,other,facebook-open-graph,linked,Web,Mac Desktop,Safari,US
4qsl8533nl,8368175,20140104194754.0,FEMALE,49.0,basic,0.0,en,direct,direct,untracked,Web,Windows Desktop,IE,US
4rvqpxoh3h,23531,20140101002619.0,-unknown-,47.0,basic,25.0,en,direct,direct,untracked,iOS,iPhone,-unknown-,GB
4s77hvknx8,699253,20140107022316.0,MALE,27.0,basic,0.0,en,direct,direct,linked,Web,Mac Desktop,Chrome,US
4ucpnk94cz,1040695,20140104052436.0,MALE,47.0,basic,0.0,en,sem-brand,google,omg,Web,Mac Desktop,Safari,US
4ve5jwxdzc,537312,20140104193748.0,-unknown-,47.0,basic,0.0,en,direct,direct,untracked,Web,Windows Desktop,Firefox,US
4wvo0rl1we,313929,20140103053433.0,MALE,49.0,basic,0.0,en,direct,direct,untracked,Web,Mac Desktop,Safari,US
500e6w4snv,2226232,20140106072940.0,-unknown-,47.0,basic,0.0,en,direct,direct,untracked,Web,Windows Desktop,Firefox,other
50p8ha8a7k,653605,20140105190817.0,-unknown-,45.0,basic,23.0,en,direct,direct,untracked,Android,Other/Unknown,-unknown-,US
56il3dlb84,652880,20140103032742.0,MALE,32.0,basic,0.0,en,sem-brand,google,omg,Web,Mac Desktop,Safari,US
56k2j81zv6,3604552,20140103051412.0,FEMALE,25.0,basic,0.0,en,sem-brand,google,omg,Web,Mac Desktop,Firefox,US
582gyoxj87,473520,20140105085943.0,-unknown-,26.0,basic,0.0,en,direct,direct,untracked,Web,Windows Desktop,Chrome,US
5a3hvqtar8,21835,20140106182626.0,FEMALE,48.0,basic,0.0,en,sem-brand,google,omg,Web,Windows Desktop,IE,other
5a6y1g8fh0,927718,20140107152801.0,-unknown-,37.0,basic,0.0,en,direct,direct,omg,Web,Mac Desktop,Safari,US
5dvutjdf9w,1791874,20140102200512.0,-unknown-,47.0,basic,0.0,en,direct,direct,linked,Web,Windows Desktop,Chrome,other
5gbsdgtl2g,21353,20140107010623.0,FEMALE,38.0,facebook,12.0,en,api,other,untracked,iOS,Mac Desktop,Safari,US
5h20mkq2t4,1323401,20140107071253.0,MALE,29.0,facebook,0.0,en,other,padmapper,tracked-other,Web,Mac Desktop,Chrome,US
5ijxpqg0lq,2874134,20140102223958.0,FEMALE,28.0,facebook,12.0,en,api,other,untracked,Moweb,Mac Desktop,Safari,US
5lufs1wqyp,8498900,20140106205627.0,FEMALE,29.0,basic,0.0,en,sem-brand,google,omg,Web,iPad,Mobile Safari,US
5roni7wj51,817189,20140104235922.0,FEMALE,47.0,facebook,12.0,en,api,other,untracked,Moweb,iPhone,Mobile Safari,US
5ruww624w4,3075432,20140106183636.0,MALE,29.0,basic,0.0,en,direct,direct,linked,Web,Mac Desktop,Chrome,US
5uaho7q4p2,1492762,20140104155039.0,FEMALE,27.0,facebook,0.0,en,direct,direct,untracked,Web,Mac Desktop,Safari,US
5uwyw7310u,2400436,20140104223733.0,FEMALE,26.0,basic,0.0,en,direct,direct,untracked,Web,Windows Desktop,Chrome,other
5v00ftnhc5,1288957,20140102021003.0,FEMALE,29.0,basic,0.0,en,sem-brand,google,linked,Web,iPad,Mobile Safari,CA
5w9q3iy9t4,2386078,20140107193522.0,-unknown-,47.0,basic,0.0,en,seo,facebook,linked,Web,Mac Desktop,Chrome,other
5wwpj3ww32,216128,20140106162710.0,FEMALE,20.0,basic,0.0,en,direct,direct,linked,Web,Windows Desktop,Chrome,US
5xjo6t0ij9,3344544,20140103181802.0,FEMALE,30.0,basic,0.0,en,direct,direct,linked,Web,Mac Desktop,Safari,US
62a73e8jj3,821424,20140105173721.0,-unknown-,47.0,basic,0.0,en,seo,google,linked,Web,iPad,Mobile Safari,US
666wgdcp76,38787,20140102200757.0,MALE,41.0,basic,0.0,en,sem-brand,google,omg,Web,Windows Desktop,Chrome,other
6a8qu91udg,203343,20140105233058.0,FEMALE,30.0,basic,0.0,en,seo,facebook,linked,Web,Mac Desktop,Firefox,US
6bcievxopy,3579680,20140103053443.0,FEMALE,32.0,basic,0.0,en,direct,direct,untracked,Web,Windows Desktop,Chrome,US
6efta2fnvv,1846817,20140102074915.0,FEMALE,32.0,basic,0.0,en,sem-brand,google,linked,Web,Windows Desktop,Firefox,other
6eha38jnc0,3818704,20140106093344.0,FEMALE,33.0,basic,25.0,en,direct,direct,omg,iOS,iPad,Mobile Safari,US
6ftq75m15j,3407232,20140107201936.0,FEMALE,47.0,basic,0.0,en,direct,direct,linked,Web,Windows Desktop,Firefox,US
6gd93t74mc,508264,20140106220015.0,FEMALE,45.0,basic,0.0,en,direct,direct,untracked,Web,Mac Desktop,Chrome,US
6ghzgyjfrf,4395359,20140101195600.0,FEMALE,45.0,facebook,0.0,en,direct,direct,linked,Web,Mac Desktop,Safari,IT
6i6vq5w7z8,937019,20140102042327.0,MALE,38.0,basic,25.0,en,direct,direct,linked,iOS,Mac Desktop,Safari,US
6kgs23kjyd,1423894,20140104011234.0,FEMALE,42.0,basic,0.0,en,direct,direct,linked,Web,iPad,Mobile Safari,IT
6ltrfnhek8,428200,20140107185525.0,FEMALE,31.0,basic,0.0,en,direct,direct,linked,Web,Mac Desktop,Safari,other
6nz67fi511,3383936,20140102062923.0,-unknown-,32.0,basic,25.0,en,direct,direct,linked,iOS,Windows Desktop,Chrome,US
6o7zzxw6o9,114403,20140102235115.0,-unknown-,47.0,basic,0.0,en,direct,direct,untracked,Web,Mac Desktop,Firefox,other
6ogl9oncji,1534440,20140102203933.0,-unknown-,47.0,basic,0.0,en,direct,direct,untracked,Web,Mac Desktop,Safari,FR
6p5y5o0jbx,729622,20140104054339.0,-unknown-,47.0,basic,0.0,en,direct,direct,untracked,Web,Windows Desktop,Firefox,FR
6ta9qrmubq,1282931,20140104161503.0,MALE,25.0,basic,0.0,de,direct,direct,product,Web,Windows Desktop,Firefox,US
6twxu3ezjl,633912,20140102035346.0,-unknown-,47.0,basic,0.0,en,direct,direct,linked,Web,Mac Desktop,Safari,FR
6uaqr6npkj,322216,20140107183324.0,-unknown-,40.0,basic,0.0,en,direct,direct,untracked,Web,Mac Desktop,Safari,DE
6v6qhpij0q,3366256,20140103233911.0,FEMALE,30.0,basic,0.0,en,direct,direct,linked,Web,Mac Desktop,Firefox,other
6vzs36wcxl,1676428,20140105112335.0,FEMALE,36.0,basic,0.0,zh,direct,direct,linked,Web,Android Tablet,IE,US
72efxf8p14,24623,20140102004315.0,FEMALE,29.0,facebook,0.0,en,seo,google,linked,Web,Mac Desktop,Chrome,other
73lfsupim0,2069009,20140107205419.0,FEMALE,30.0,facebook,0.0,en,direct,direct,untracked,Web,Windows Desktop,Chrome,US
74i2sj9sam,1307997,20140107202533.0,-unknown-,38.0,basic,0.0,en,direct,direct,untracked,Web,Windows Desktop,IE,US
77z0fp7mro,3100751,20140102192847.0,-unknown-,46.0,basic,0.0,en,direct,direct,untracked,Web,Windows Desktop,IE,US
7gs0o3wg6d,633338,20140107143009.0,-unknown-,47.0,basic,0.0,en,sem-non-brand,google,omg,Web,iPad,Mobile Safari,US
7r8i627ojf,1972838,20140107221225.0,FEMALE,37.0,facebook,0.0,en,seo,facebook,linked,Web,Mac Desktop,Chrome,US
81lw5b418t,25851,20140107181749.0,-unknown-,47.0,basic,0.0,en,direct,direct,untracked,Web,Mac Desktop,Chrome,US
862vv9ey77,1746960,20140102033207.0,MALE,31.0,basic,0.0,en,direct,direct,linked,Web,Mac Desktop,Chrome,other
88fvzoiblq,978524,20140107050137.0,-unknown-,37.0,basic,0.0,zh,direct,direct,untracked,Web,Windows Desktop,IE,US
89h1ksygye,3008995,20140103005842.0,FEMALE,41.0,facebook,0.0,en,sem-non-brand,google,untracked,Web,iPad,Mobile Safari,CA
8egzbxbzhk,633534,20140105222703.0,MALE,28.0,basic,0.0,en,direct,direct,linked,Web,Mac Desktop,Safari,ES
8hns15xd3b,2725144,20140106052931.0,MALE,30.0,basic,0.0,en,direct,direct,untracked,Web,Mac Desktop,Chrome,US
8jl6wx8x6h,96712,20140105190815.0,MALE,34.0,basic,25.0,en,direct,direct,untracked,iOS,iPhone,-unknown-,US
8ktndsaqnd,23914,20140104224524.0,MALE,30.0,facebook,0.0,en,sem-brand,google,omg,Web,Mac Desktop,Safari,US
8l7zky3942,4088074,20140103043708.0,FEMALE,48.0,basic,0.0,en,direct,direct,omg,Web,Windows Desktop,IE,US
8mqiu7ebcq,923776,20140107031316.0,-unknown-,47.0,basic,0.0,en,sem-non-brand,google,omg,Web,Windows Desktop,IE,other
8oe7hri5dk,1938123,20140107175850.0,FEMALE,33.0,basic,0.0,en,seo,google,linked,Web,Windows Desktop,Chrome,US
8pyp4xh4ww,2482010,20140107202433.0,-unknown-,36.0,basic,0.0,en,direct,direct,untracked,Web,Windows Desktop,IE,US
8s802i48af,4665018,20140102163506.0,-unknown-,47.0,basic,0.0,en,direct,direct,untracked,Web,Mac Desktop,Safari,US
8swa19ehw7,240365,20140102200343.0,-unknown-,30.0,basic,0.0,en,direct,direct,untracked,Web,Windows Desktop,Chrome,US
8t8xs697my,839874,20140101184903.0,-unknown-,47.0,basic,0.0,en,sem-non-brand,google,tracked-other,Web,Mac Desktop,Safari,US
8toiy3soy4,21268,20140103124503.0,MALE,19.0,facebook,12.0,pl,api,other,omg,iOS,Mac Desktop,Safari,ES
8urmt53buk,3889468,20140103052907.0,MALE,27.0,facebook,0.0,en,seo,facebook,linked,Web,Mac Desktop,Safari,US
8wyorih9xf,602727,20140105182426.0,MALE,47.0,basic,0.0,en,sem-brand,google,omg,Web,Mac Desktop,Firefox,CA
91h6mh2nlv,5766134,20140104174034.0,FEMALE,32.0,facebook,0.0,en,sem-brand,google,omg,Web,Windows Desktop,IE,US
96tq6u5kan,1523939,20140105194250.0,-unknown-,47.0,basic,0.0,en,direct,direct,untracked,Web,Windows Desktop,Firefox,US
98azghqk3a,1576753,20140102223610.0,-unknown-,41.0,basic,0.0,en,direct,direct,untracked,Web,Windows Desktop,Firefox,FR
98jeibnoq6,459018,20140102203805.0,FEMALE,41.0,basic,0.0,en,sem-brand,google,omg,Web,Mac Desktop,Firefox,FR
99qa4eyc2g,1041550,20140107003326.0,-unknown-,47.0,basic,0.0,en,sem-brand,google,omg,Web,Windows Desktop,Chrome,IT
9c8w60a4cv,617345,20140105232116.0,MALE,31.0,facebook,12.0,en,api,other,untracked,iOS,iPhone,Mobile Safari,US
9c94lwinn0,4107549,20140103050012.0,-unknown-,47.0,basic,25.0,en,direct,direct,omg,iOS,iPad,Mobile Safari,US
9djy7fjxhi,863487,20140104233542.0,MALE,31.0,basic,25.0,en,direct,direct,untracked,iOS,Mac Desktop,Safari,US
9dvr1jx95h,469908,20140104225207.0,FEMALE,37.0,basic,0.0,de,sem-non-brand,google,omg,Web,Windows Desktop,IE,US
9fa4smlt6c,21660,20140105220853.0,FEMALE,27.0,facebook,12.0,en,api,other,untracked,iOS,iPhone,Mobile Safari,US
9i1b63wx8d,187015,20140102034550.0,FEMALE,33.0,facebook,0.0,zh,seo,facebook,linked,Web,Android Tablet,IE,US
9ieh5j9bqd,3007666,20140104045747.0,-unknown-,47.0,basic,0.0,en,direct,direct,linked,Web,Mac Desktop,Safari,US
9jn0rzsl0f,39335,20140107192733.0,FEMALE,35.0,basic,0.0,en,sem-brand,google,linked,Web,Windows Desktop,Chrome,US
9jsdxfnvnf,99985,20140102210256.0,MALE,26.0,basic,0.0,en,direct,direct,untracked,Web,Windows Desktop,Chrome,other
9m18ojchbl,3646233,20140102195253.0,-unknown-,47.0,basic,0.0,en,direct,direct,untracked,Web,Mac Desktop,Firefox,US
9pp5g5fumq,1587123,20140106005007.0,MALE,46.0,basic,0.0,en,direct,direct,untracked,Web,Mac Desktop,Safari,US
9q1u1idiaf,160776,20140107205354.0,MALE,40.0,basic,0.0,en,direct,direct,linked,Web,Mac Desktop,Safari,FR
9rg0ok9u1m,7687246,20140106201401.0,FEMALE,31.0,basic,0.0,en,direct,direct,linked,Web,Windows Desktop,Chrome,US
9rrnszm3qs,3153635,20140106112003.0,FEMALE,32.0,basic,0.0,en,other,other,tracked-other,Web,Mac Desktop,Safari,US
9uozu4k2ag,4731747,20140105054232.0,-unknown-,47.0,basic,0.0,en,other,padmapper,tracked-other,Web,Windows Desktop,Chrome,US
9v9pjiw5s1,806644,20140101035358.0,MALE,25.0,basic,0.0,en,sem-brand,google,linked,Web,Mac Desktop,Safari,US
a1fq4cynsn,3047962,20140103230546.0,-unknown-,47.0,basic,0.0,en,direct,direct,linked,Web,Windows Desktop,Chrome,ES
a1r3f08h08,4949232,20140103005443.0,MALE,23.0,basic,0.0,en,sem-brand,google,omg,Web,Mac Desktop,Safari,US
a24etq4us8,10850162,20140104204629.0,FEMALE,35.0,basic,0.0,en,sem-non-brand,google,omg,Web,Mac Desktop,Safari,IT
a5l3pbnw8u,1167265,20140103071616.0,-unknown-,36.0,basic,0.0,en,direct,direct,untracked,Web,Mac Desktop,Safari,US
a6ubow7abb,3871436,20140103021810.0,MALE,33.0,basic,0.0,en,direct,direct,linked,Web,Mac Desktop,Chrome,IT
a8esbkt6v9,600600,20140105222815.0,FEMALE,35.0,facebook,0.0,en,sem-brand,google,untracked,Web,Windows Desktop,IE,US
ab1fs22en6,3683453,20140104194218.0,FEMALE,25.0,facebook,0.0,en,direct,direct,linked,Web,Mac Desktop,Safari,US
abeolivhrc,553000,20140106004259.0,FEMALE,27.0,basic,25.0,en,direct,direct,untracked,iOS,Mac Desktop,Safari,US
aestb4lmbq,1225566,20140102070208.0,MALE,31.0,basic,0.0,en,direct,direct,untracked,Web,Desktop (Other),Chromium,US
ajd0yfzcse,528921,20140107105631.0,MALE,24.0,facebook,0.0,en,direct,direct,linked,Web,iPad,Mobile Safari,US
ajvwlyb517,254503,20140102044143.0,-unknown-,47.0,basic,0.0,en,direct,direct,linked,Web,Mac Desktop,Safari,US
almpj8xrnt,25486,20140102023729.0,MALE,25.0,basic,0.0,en,direct,direct,linked,Web,Mac Desktop,Chrome,US
am8hk6bs11,530522,20140104071143.0,-unknown-,30.0,basic,0.0,es,sem-brand,google,linked,Web,Mac Desktop,Safari,other
arotkirp26,3310215,20140105220306.0,MALE,45.0,basic,0.0,en,direct,direct,omg,Web,Mac Desktop,Chrome,US
at7ogzzoyb,21872,20140105192644.0,FEMALE,32.0,facebook,12.0,en,api,other,untracked,iOS,iPhone,Mobile Safari,US
aw06w7rqrz,856216,20140104041845.0,MALE,35.0,facebook,0.0,en,direct,direct,untracked,Web,Mac Desktop,Safari,US
awiurksqr3,367207,20140101010113.0,FEMALE,32.0,facebook,0.0,en,direct,direct,untracked,Web,iPad,Mobile Safari,US
b2527cr2e5,1503055,20140102211021.0,-unknown-,47.0,basic,0.0,en,direct,direct,linked,Web,Mac Desktop,Firefox,US
b4a34ufy3e,901754,20140102010555.0,-unknown-,47.0,basic,0.0,en,sem-brand,google,omg,Web,Windows Desktop,IE,FR
b78ymoj1w8,553883,20140104204528.0,FEMALE,35.0,basic,23.0,en,direct,direct,untracked,Android,Other/Unknown,-unknown-,US
b8meb8ctyi,4696741,20140102222606.0,FEMALE,24.0,basic,0.0,en,direct,direct,linked,Web,Mac Desktop,Safari,US
bfyq4fiukb,1387855,20140103132506.0,FEMALE,24.0,basic,0.0,fr,sem-brand,google,omg,Web,Windows Desktop,Firefox,other
bgq5efve9k,21894,20140102095506.0,MALE,28.0,facebook,12.0,en,api,other,untracked,iOS,iPhone,Mobile Safari,US
bi3xci9exp,383090,20140103205047.0,-unknown-,47.0,basic,0.0,en,sem-brand,google,untracked,Web,Mac Desktop,Safari,US
bik2hlivrc,970445,20140102203918.0,FEMALE,35.0,basic,0.0,en,direct,direct,linked,Web,Mac Desktop,Chrome,other
bjchtvf472,1596067,20140102050720.0,FEMALE,47.0,basic,0.0,en,direct,direct,untracked,Web,Mac Desktop,Firefox,US
bjgqxy762u,25445,20140103222749.0,FEMALE,34.0,facebook,12.0,en,api,other,untracked,iOS,Mac Desktop,Firefox,US
bpbch2gad3,96995,20140102191716.0,MALE,42.0,facebook,0.0,en,direct,direct,untracked,Web,Windows Desktop,Firefox,FR
btlzynyqh8,2164750,20140105172331.0,-unknown-,47.0,basic,0.0,en,direct,direct,linked,Web,Windows Desktop,Chrome,US
bvy8s7g7co,21163,20140104023301.0,FEMALE,23.0,facebook,12.0,en,api,other,linked,iOS,iPhone,Mobile Safari,GB
bw00annnkr,534137,20140106005456.0,FEMALE,40.0,facebook,0.0,en,direct,direct,linked,Web,Mac Desktop,Chrome,other
bx0hksjkh3,1715146,20140103175308.0,MALE,42.0,facebook,0.0,en,direct,direct,linked,Web,Mac Desktop,Safari,FR
bz9rxj73yl,2452055,20140103165315.0,FEMALE,30.0,basic,0.0,en,direct,direct,untracked,Web,Windows Desktop,IE,US
bzsmti2tmr,1563250,20140102173418.0,-unknown-,47.0,basic,0.0,en,sem-brand,google,linked,Web,Desktop (Other),Silk,US
c1vmqstry6,259538,20140104061630.0,FEMALE,32.0,basic,24.0,en,direct,direct,linked,Moweb,iPad,Mobile Safari,US
c25884wdx5,1605060,20140102184122.0,-unknown-,26.0,basic,0.0,en,direct,direct,linked,Web,iPad,Mobile Safari,US
c2a5ztxxe7,894449,20140102002713.0,-unknown-,47.0,basic,0.0,en,direct,direct,untracked,Web,Windows Desktop,IE,other
c3u0rb95cs,2673906,20140103182633.0,-unknown-,47.0,basic,0.0,en,sem-brand,google,omg,Web,Mac Desktop,Firefox,US
c4timy9dum,1495180,20140106050718.0,FEMALE,26.0,basic,0.0,en,direct,direct,untracked,Web,Windows Desktop,Chrome,GB
c9wi907yp2,1013513,20140103090820.0,FEMALE,33.0,basic,25.0,en,direct,direct,untracked,iOS,iPhone,-unknown-,US
ccl1h3nes7,311382,20140101184509.0,MALE,47.0,basic,24.0,en,direct,direct,linked,Moweb,Mac Desktop,Chrome,GB
cdky7tbhnr,1153908,20140106005540.0,-unknown-,47.0,basic,0.0,en,sem-non-brand,google,omg,Web,Mac Desktop,Safari,US
cimpz2jqdt,1970423,20140103204903.0,FEMALE,34.0,basic,0.0,en,direct,direct,linked,Web,Windows Desktop,Chrome,other
cjk4nj405j,2932291,20140107194817.0,MALE,33.0,basic,0.0,de,seo,facebook,untracked,Web,Mac Desktop,Safari,DE
cm0nbuxqmw,2626395,20140101182449.0,-unknown-,47.0,basic,0.0,en,sem-brand,google,omg,Web,Windows Desktop,Chrome,CA
cmfrpn07s8,379565,20140107232124.0,FEMALE,47.0,basic,0.0,en,direct,direct,untracked,Web,Windows Desktop,IE,US
cmrroeos47,286989,20140107235159.0,MALE,27.0,basic,0.0,en,direct,direct,untracked,Web,Mac Desktop,Safari,US
csdmm6vys9,1312204,20140105210528.0,FEMALE,31.0,facebook,0.0,en,direct,direct,untracked,Web,iPad,Mobile Safari,US
ctyo78rvqf,34947,20140106174846.0,-unknown-,30.0,basic,0.0,en,direct,direct,omg,Web,Mac Desktop,Safari,US
cwbeqg19qu,1967463,20140106204238.0,MALE,32.0,facebook,12.0,en,api,other,untracked,iOS,iPhone,-unknown-,US
cxvuwpvaok,30366,20140108001050.0,FEMALE,33.0,basic,0.0,en,direct,direct,linked,Web,Mac Desktop,Firefox,US
czkejn7w9v,1318775,20140102200941.0,-unknown-,29.0,basic,0.0,en,direct,direct,untracked,Web,Mac Desktop,Firefox,US
d34fucq4zv,81905,20140103181941.0,MALE,31.0,facebook,0.0,en,direct,direct,untracked,Web,Mac Desktop,Chrome,US
d3f3myba0i,1809010,20140101223537.0,-unknown-,27.0,basic,25.0,en,direct,direct,untracked,iOS,Android Phone,Chrome Mobile,US
d3kkmp3etk,166693,20140104073738.0,-unknown-,32.0,basic,0.0,en,direct,direct,linked,Web,Windows Desktop,Chrome,US
d3miqwh1cq,2320127,20140101192103.0,-unknown-,24.0,basic,0.0,en,direct,direct,linked,Web,Windows Desktop,Chrome,US
d3wx3abpqe,1259438,20140104031542.0,-unknown-,39.0,basic,25.0,en,direct,direct,untracked,iOS,iPhone,-unknown-,US
d46490jquu,700773,20140106042757.0,MALE,32.0,facebook,12.0,en,api,other,untracked,iOS,iPhone,-unknown-,DE
d6r5a2l398,461093,20140101081440.0,MALE,25.0,facebook,12.0,en,api,other,untracked,Android,Other/Unknown,-unknown-,other
d9m7y3ypv4,2446744,20140103040954.0,MALE,26.0,basic,0.0,en,direct,direct,untracked,Web,Mac Desktop,Chrome,US
d9no5qj7ie,1053432,20140101174513.0,-unknown-,47.0,basic,0.0,en,sem-non-brand,google,omg,Web,Windows Desktop,Firefox,US
daprlo3syq,2658854,20140103060639.0,-unknown-,48.0,basic,0.0,en,direct,direct,linked,Web,Mac Desktop,Firefox,US
dbag65elso,1447920,20140104042927.0,FEMALE,39.0,basic,0.0,es,direct,direct,linked,Web,Mac Desktop,Safari,US
dj9aapa5ao,594350,20140102100726.0,-unknown-,29.0,basic,0.0,en,sem-brand,google,omg,Web,Windows Desktop,Chrome,US
dmefr5uaiw,2941102,20140102185241.0,MALE,40.0,basic,0.0,en,direct,direct,omg,Web,Mac Desktop,Safari,US
dng94utqm1,875240,20140103063352.0,FEMALE,44.0,basic,0.0,en,direct,direct,untracked,Web,Mac Desktop,Firefox,US
dq48lzniy1,4175981,20140104001142.0,-unknown-,38.0,basic,0.0,en,direct,direct,untracked,Web,Mac Desktop,Safari,US
dtcjxui8bf,1404139,20140105211403.0,FEMALE,26.0,basic,0.0,en,direct,direct,untracked,Web,Windows Desktop,Chrome,US
du3pp9csti,416172,20140103020618.0,MALE,38.0,basic,0.0,en,direct,direct,untracked,Web,Windows Desktop,Firefox,US
dw544k762w,188953,20140103033341.0,FEMALE,36.0,basic,0.0,en,direct,direct,untracked,Web,Mac Desktop,Firefox,US
e0fk8r7p9d,567917,20140103024121.0,-unknown-,36.0,basic,0.0,en,direct,direct,untracked,Web,Mac Desktop,Firefox,other
e3lwax4ap5,2206995,20140103111032.0,FEMALE,47.0,facebook,12.0,de,api,other,untracked,Moweb,iPhone,Mobile Safari,US
e3ny8tjwlo,94084,20140106015532.0,-unknown-,24.0,basic,0.0,en,direct,direct,linked,Web,Mac Desktop,Chrome,US
e4mdz0vnn5,864929,20140102120712.0,-unknown-,47.0,basic,0.0,en,direct,direct,untracked,Web,Windows Desktop,Chrome,US
e7dr745itj,2355082,20140107192647.0,-unknown-,27.0,basic,0.0,en,direct,direct,linked,Web,Mac Desktop,Safari,US
eaplaw9qea,6817105,20140103203403.0,MALE,27.0,facebook,0.0,en,direct,direct,untracked,Web,Windows Desktop,Chrome,other
eed1hs999i,982814,20140107233736.0,-unknown-,28.0,basic,0.0,en,sem-brand,google,omg,Web,Windows Desktop,Chrome,US
ef5mi01hya,701,20140107010117.0,MALE,48.0,basic,0.0,en,direct,direct,untracked,Web,Mac Desktop,Safari,US
eiuk5k1ved,945883,20140107032306.0,-unknown-,47.0,basic,25.0,en,direct,direct,untracked,iOS,iPhone,-unknown-,US
ejbemt98sr,868382,20140106002833.0,MALE,36.0,basic,0.0,en,seo,google,linked,Web,Windows Desktop,Chrome,US
ejukncy76g,1030183,20140107193237.0,MALE,38.0,basic,0.0,en,direct,direct,untracked,Web,Windows Desktop,Chrome,US
emrlbt41zp,322406,20140104193628.0,FEMALE,22.0,facebook,0.0,en,direct,direct,linked,Web,Mac Desktop,Firefox,IT
eq72blt7pi,1024136,20140106213338.0,FEMALE,39.0,facebook,0.0,en,sem-brand,google,omg,Web,iPad,Mobile Safari,other
erlamwz51w,55040,20140103071520.0,MALE,23.0,basic,0.0,de,direct,direct,linked,Web,iPhone,Mobile Safari,AU
ew1vip38d7,821440,20140106031313.0,FEMALE,32.0,facebook,0.0,en,direct,direct,linked,Web,Mac Desktop,Safari,US
ezfwh6e77u,54949,20140105192939.0,-unknown-,47.0,basic,0.0,en,seo,google,linked,Web,Windows Desktop,Chrome,other
f2ru9enlpc,1010449,20140103191333.0,FEMALE,36.0,basic,0.0,en,sem-brand,google,omg,Web,Windows Desktop,IE,US
f4e7hn5q0b,739013,20140102211033.0,MALE,39.0,basic,0.0,en,seo,google,linked,Web,Windows Desktop,Chrome,US
f7xsaoa4ha,1902141,20140102190156.0,-unknown-,34.0,basic,0.0,en,direct,direct,linked,Web,Windows Desktop,Chrome,US
fcxxa0wfdt,1033242,20140106044019.0,FEMALE,24.0,basic,0.0,en,seo,google,linked,Web,Mac Desktop,Chrome,US
ffnwqijhcj,656618,20140106185940.0,FEMALE,25.0,basic,0.0,en,direct,direct,untracked,Web,Windows Desktop,IE,US
ffob69y8ph,2714185,20140106062758.0,MALE,28.0,basic,0.0,en,seo,facebook,linked,Web,Mac Desktop,Chrome,US
fgu7lnw4j6,4417000,20140104022241.0,-unknown-,47.0,basic,0.0,en,direct,direct,untracked,Web,iPad,Mobile Safari,US
fi4tvtbvap,20976,20140104124606.0,-unknown-,47.0,basic,25.0,en,direct,direct,untracked,iOS,iPhone,-unknown-,other
fkyetv6r7v,748365,20140102223637.0,-unknown-,34.0,basic,0.0,en,direct,direct,untracked,Web,Mac Desktop,Safari,US
fmcn5ps23k,4929299,20140103155357.0,MALE,19.0,basic,25.0,en,direct,direct,untracked,iOS,iPhone,Mobile Safari,other
fmxluqvzzo,713539,20140106012858.0,-unknown-,47.0,basic,0.0,en,direct,direct,product,Web,Mac Desktop,Chrome,US
fnrx1j026l,21303,20140105025703.0,FEMALE,30.0,facebook,12.0,en,api,other,linked,iOS,Windows Desktop,Chrome,US
foksczfjpj,174908,20140106000721.0,-unknown-,47.0,basic,0.0,en,direct,direct,untracked,Web,Mac Desktop,Firefox,US
fomqxbagkb,898751,20140106045241.0,-unknown-,23.0,basic,0.0,en,remarketing,google,omg,Web,Mac Desktop,Safari,US
fphotb8jdo,203033,20140102200939.0,FEMALE,33.0,basic,0.0,en,sem-non-brand,google,linked,Web,Windows Desktop,Chrome,US
frtffi063z,1860791,20140104041028.0,FEMALE,30.0,basic,0.0,en,direct,direct,untracked,Web,Mac Desktop,Chrome,FR
fsrd48rgpr,21797,20140106203940.0,MALE,35.0,facebook,12.0,en,api,other,untracked,iOS,iPad,-unknown-,US
fu725nxa46,230601,20140102001850.0,MALE,36.0,basic,0.0,en,direct,direct,untracked,Web,Mac Desktop,Chrome,US
fvbljzownf,1492090,20140106184047.0,FEMALE,26.0,basic,0.0,en,direct,direct,untracked,Web,Mac Desktop,Safari,US
fxydrysqx5,21616,20140104043551.0,FEMALE,33.0,facebook,12.0,en,api,other,untracked,iOS,iPhone,Mobile Safari,US
g8kewqkbui,2614552,20140103035612.0,MALE,35.0,basic,0.0,en,direct,direct,untracked,Web,Mac Desktop,Firefox,US
ga8qc6h28h,12468,20140103064508.0,-unknown-,47.0,basic,0.0,en,sem-non-brand,google,untracked,Web,Mac Desktop,Safari,US
gdjc7x0ex0,56726,20140107053313.0,MALE,32.0,basic,0.0,en,sem-brand,google,omg,Web,iPad,Mobile Safari,US
gi83pso3z3,2300942,20140103001943.0,-unknown-,40.0,basic,0.0,en,direct,direct,untracked,Web,Windows Desktop,Firefox,US
grxpzfy58m,3359261,20140101210348.0,FEMALE,40.0,facebook,12.0,en,api,other,untracked,iOS,iPhone,-unknown-,US
gvlz1uobpz,854776,20140105211347.0,-unknown-,25.0,basic,0.0,en,seo,google,linked,Web,Mac Desktop,Chrome,US
gwtyh0bcsa,21229,20140106231049.0,MALE,22.0,facebook,12.0,en,api,other,untracked,iOS,Mac Desktop,Chrome,US
gyvcuqslyd,2099287,20140105035211.0,MALE,45.0,basic,0.0,en,direct,direct,untracked,Web,Windows Desktop,Chrome,US
gzphx3z2mv,277410,20140105185157.0,FEMALE,28.0,basic,0.0,en,direct,direct,untracked,Web,Windows Desktop,Chrome,US
h1hgqe8e5d,2257419,20140106233955.0,-unknown-,47.0,basic,0.0,en,direct,direct,linked,Web,Mac Desktop,Chrome,other
h1q6udwg2t,958961,20140107184131.0,-unknown-,47.0,basic,0.0,en,direct,direct,linked,Web,Windows Desktop,Chrome,US
he1ctt834t,2937153,20140105224651.0,-unknown-,26.0,basic,0.0,en,direct,direct,untracked,Web,Mac Desktop,Safari,US
hkhhgft380,3371759,20140103124409.0,MALE,28.0,facebook,0.0,en,direct,direct,untracked,Web,Mac Desktop,Chrome,other
hqt5pelrer,192860,20140103154748.0,FEMALE,32.0,basic,0.0,en,direct,direct,untracked,Web,Windows Desktop,Chrome,US
hvo6ld695d,4578874,20140103221040.0,FEMALE,27.0,facebook,0.0,en,direct,direct,untracked,Web,Mac Desktop,Firefox,US
hw7oncv0j1,1700000,20140106061229.0,-unknown-,47.0,basic,25.0,en,direct,direct,untracked,iOS,Other/Unknown,-unknown-,US
hwor6tb0lp,1038182,20140103000456.0,MALE,26.0,basic,0.0,en,direct,direct,linked,Web,iPad,Mobile Safari,US
hxkcscdwx2,886056,20140101185714.0,-unknown-,47.0,basic,0.0,fr,direct,direct,linked,Web,iPad,Mobile Safari,US
hzt9cnyewc,3496901,20140107035716.0,-unknown-,47.0,basic,0.0,en,direct,direct,untracked,Web,Windows Desktop,IE,US
i1m8isrt6z,2915613,20140104055943.0,-unknown-,47.0,basic,0.0,en,direct,direct,linked,Web,Windows Desktop,Chrome,GB
i5d1749c93,913817,20140103001544.0,MALE,31.0,basic,0.0,en,sem-non-brand,google,omg,Web,Mac Desktop,Safari,US
i903ill900,1024,20140102061415.0,-unknown-,21.0,basic,0.0,en,direct,direct,untracked,Web,Mac Desktop,Chrome,US
iabotu14ko,1634675,20140105184301.0,MALE,41.0,basic,0.0,en,direct,direct,omg,Web,iPad,Mobile Safari,other
igkvae2ujc,1421508,20140102225157.0,MALE,39.0,facebook,0.0,en,direct,direct,linked,Web,Mac Desktop,Firefox,US
ihi4gy0dyl,533815,20140101193508.0,FEMALE,29.0,basic,0.0,en,direct,direct,untracked,Web,Windows Desktop,Chrome,other
ii0vfhushc,746659,20140101231728.0,-unknown-,47.0,basic,0.0,en,sem-brand,google,linked,Web,Mac Desktop,Safari,US
ij734fgg4n,4396116,20140105091356.0,FEMALE,32.0,basic,0.0,en,sem-non-brand,google,omg,Web,Mac Desktop,Chrome,US
ijo9tcqufp,1771639,20140106045431.0,MALE,24.0,basic,0.0,en,seo,google,linked,Web,Android Phone,Android Browser,US
ijrsa4zbhp,990679,20140102204501.0,-unknown-,47.0,basic,12.0,ko,api,other,untracked,Android,Other/Unknown,-unknown-,other
ipjc5n0boy,911593,20140104235012.0,MALE,36.0,basic,0.0,en,sem-brand,google,omg,Web,Mac Desktop,Safari,US
iu91qhfeon,1377561,20140107101755.0,-unknown-,47.0,basic,0.0,en,remarketing,google,linked,Web,Mac Desktop,Safari,US
iwx2u1gzyu,416954,20140101050446.0,MALE,47.0,facebook,12.0,en,api,other,untracked,Moweb,Mac Desktop,Chrome,US
ix2npw81k0,100993,20140103184709.0,-unknown-,37.0,basic,0.0,en,direct,direct,untracked,Web,Mac Desktop,Chrome,US
ixmk7qm5cv,115355,20140101064542.0,-unknown-,47.0,basic,0.0,en,direct,direct,linked,Web,Windows Desktop,Firefox,US
j3dir9kkhr,189612,20140107040516.0,FEMALE,26.0,basic,0.0,en,direct,direct,linked,Web,Mac Desktop,Chrome,US
j3ej5pk35p,21663,20140106015448.0,FEMALE,31.0,facebook,12.0,en,api,other,omg,iOS,Mac Desktop,Firefox,other
ja2wxs4lcz,29847,20140107194103.0,-unknown-,28.0,basic,0.0,en,direct,direct,untracked,Web,Mac Desktop,Firefox,US
jbbzp5u8pd,24864,20140106073437.0,-unknown-,47.0,basic,0.0,en,direct,direct,linked,Web,Mac Desktop,Safari,US
jcllabp5k0,1429793,20140103174827.0,MALE,37.0,basic,0.0,en,sem-brand,google,omg,Web,Mac Desktop,Firefox,US
jcnw8wa3un,727196,20140107031714.0,MALE,43.0,facebook,0.0,en,direct,direct,untracked,Web,Mac Desktop,Firefox,US
jh8dfcrscv,2861645,20140104191605.0,FEMALE,28.0,basic,0.0,en,direct,direct,linked,Web,Mac Desktop,Safari,other
jlbdqd6suk,3088354,20140106194340.0,-unknown-,47.0,basic,0.0,en,sem-brand,google,omg,Web,Windows Desktop,Firefox,other
jn8pbvphlw,529836,20140103154104.0,MALE,30.0,basic,0.0,en,sem-brand,google,omg,Web,Mac Desktop,Safari,other
jn9qipdey5,1808628,20140102204627.0,MALE,31.0,basic,0.0,en,direct,direct,untracked,Web,Windows Desktop,Chrome,US
jpoda0usxr,1499639,20140107145153.0,FEMALE,30.0,facebook,12.0,en,api,other,untracked,Android,Other/Unknown,-unknown-,US
jrqykh9y8x,14560523,20140101011919.0,FEMALE,27.0,facebook,0.0,zh,seo,google,linked,Web,Mac Desktop,Chrome,FR
jsw6efxt13,2714658,20140103032537.0,FEMALE,24.0,basic,0.0,en,direct,direct,untracked,Web,Mac Desktop,Safari,US
jtswy77hkw,1539878,20140103041713.0,MALE,33.0,basic,12.0,en,api,other,untracked,Android,Other/Unknown,-unknown-,US
jtygv0bzet,1982914,20140107040327.0,-unknown-,47.0,basic,0.0,en,direct,direct,linked,Web,iPad,Mobile Safari,US
juza66uyfr,21191,20140106054848.0,MALE,28.0,facebook,12.0,en,api,other,linked,iOS,Android Tablet,IE,other
jwx2eonomu,2601129,20140106063321.0,FEMALE,32.0,facebook,0.0,en,direct,direct,linked,Web,Windows Desktop,Chrome,US
jxsooowkew,1090596,20140102001224.0,-unknown-,36.0,basic,0.0,en,direct,direct,linked,Web,iPad,Mobile Safari,US
k02kmpfqyh,2476046,20140103022815.0,-unknown-,47.0,basic,0.0,en,direct,direct,linked,Web,Windows Desktop,Chrome,other
k3uht68h7u,2501172,20140104075116.0,MALE,34.0,facebook,0.0,en,sem-non-brand,google,untracked,Web,Mac Desktop,Safari,US
k91zoqi7o2,2700300,20140103042018.0,MALE,32.0,basic,0.0,en,direct,direct,untracked,Web,iPad,Chrome Mobile,US
k97dt0ofoq,266228,20140106231214.0,FEMALE,26.0,basic,0.0,en,seo,google,linked,Web,Mac Desktop,Chrome,other
kae6ono1wm,1921831,20140103025138.0,-unknown-,47.0,basic,24.0,en,direct,direct,untracked,Moweb,iPhone,Mobile Safari,US
kawgkf68d0,686106,20140101224012.0,MALE,42.0,basic,12.0,en,api,other,untracked,Android,Other/Unknown,-unknown-,US
kct8gzdwh7,552867,20140107025639.0,FEMALE,35.0,facebook,0.0,en,direct,direct,untracked,Web,Mac Desktop,Safari,US
kei2swdk7n,727532,20140102195234.0,FEMALE,39.0,basic,0.0,en,direct,direct,untracked,Web,Windows Desktop,IE,FR
kh5x6wpqk5,600,20140105162526.0,MALE,26.0,facebook,0.0,en,direct,direct,linked,Web,Mac Desktop,Chrome,US
kk5pf4afvk,2548914,20140102063258.0,MALE,37.0,facebook,12.0,en,api,other,untracked,iOS,iPhone,-unknown-,US
kln8kcp67t,2428337,20140107064200.0,-unknown-,47.0,basic,0.0,en,sem-non-brand,google,omg,Web,Mac Desktop,Chrome,US
klw1mxcn92,335325,20140105013045.0,MALE,39.0,facebook,0.0,en,sem-non-brand,google,omg,Web,Mac Desktop,Safari,US
kncbhl8haq,933572,20140103073333.0,-unknown-,47.0,basic,0.0,en,direct,direct,untracked,Web,Mac Desktop,Safari,US
kpnmjq1ppj,4973556,20140101194342.0,MALE,37.0,basic,0.0,en,direct,direct,linked,Web,Mac Desktop,Chrome,US
kstlrfgypf,1179339,20140103204701.0,FEMALE,34.0,facebook,0.0,en,direct,direct,linked,Web,Windows Desktop,Chrome,US
kug2pvcgo7,502531,20140106035735.0,-unknown-,47.0,basic,0.0,en,seo,google,linked,Web,Mac Desktop,Chrome,US
kv02u8ldgq,1402729,20140105050352.0,-unknown-,34.0,basic,0.0,en,direct,direct,untracked,Web,Mac Desktop,Safari,US
ky5y6qzst4,30534,20140105041852.0,MALE,26.0,facebook,0.0,en,direct,direct,linked,Web,Mac Desktop,Firefox,US
l0ftyesr9j,466091,20140104055624.0,FEMALE,32.0,basic,0.0,en,direct,direct,untracked,Web,Windows Desktop,IE,other
l2u4op6zui,1947221,20140106034609.0,MALE,30.0,facebook,0.0,en,seo,google,linked,Web,Windows Desktop,Chrome,US
l59795xja4,3224504,20140107040825.0,MALE,41.0,facebook,12.0,en,api,other,linked,iOS,Windows Desktop,Chrome,US
l6jxyzdmhr,2112024,20140107002545.0,FEMALE,43.0,basic,0.0,en,direct,direct,linked,Web,Windows Desktop,IE,US
l98bo9qq7w,3366861,20140107023522.0,FEMALE,49.0,basic,25.0,en,direct,direct,untracked,iOS,iPad,-unknown-,US
lbp4915zp9,900956,20140101191853.0,MALE,38.0,facebook,0.0,en,sem-brand,google,omg,Web,Mac Desktop,Safari,US
lbpncuz0es,3138094,20140104234523.0,MALE,34.0,facebook,0.0,en,sem-brand,google,omg,Web,Windows Desktop,Chrome,US
ldwpgdrbgl,1158538,20140106010652.0,-unknown-,47.0,basic,0.0,fr,direct,direct,linked,Web,Mac Desktop,Chrome,US
ldyy99rzas,979940,20140107023819.0,MALE,28.0,facebook,0.0,en,direct,direct,linked,Web,Mac Desktop,Chrome,GB
lgmtkx0313,4353358,20140102205248.0,FEMALE,41.0,basic,0.0,en,direct,direct,untracked,Web,Mac Desktop,Safari,US
lj6kx9mqic,4047518,20140102022959.0,MALE,39.0,facebook,0.0,en,sem-brand,google,omg,Web,iPad,Mobile Safari,US
lk52oyb4n0,2058581,20140103171453.0,FEMALE,26.0,basic,0.0,en,sem-non-brand,google,omg,Web,Windows Desktop,Chrome,US
lmldz1nag4,966544,20140106221034.0,MALE,42.0,basic,0.0,en,direct,direct,untracked,Web,Windows Desktop,IE,US
lnropcu3a0,2079628,20140102002358.0,FEMALE,24.0,basic,0.0,en,direct,direct,linked,Web,Windows Desktop,Chrome,US
lnuydjv59x,21560,20140103043654.0,FEMALE,24.0,facebook,12.0,de,api,other,untracked,iOS,iPhone,Mobile Safari,US
lnvfd9aoyy,702804,20140102083910.0,MALE,28.0,facebook,0.0,ko,direct,direct,untracked,Web,Windows Desktop,IE,FR
lphydahrms,254273,20140103193515.0,FEMALE,24.0,basic,0.0,en,direct,direct,linked,Web,Mac Desktop,Chrome,US
lprotypz6c,493532,20140107040045.0,FEMALE,31.0,basic,0.0,en,direct,direct,untracked,Web,Windows Desktop,Chrome,US
lptphuzvqu,1565899,20140102203110.0,FEMALE,28.0,basic,0.0,en,sem-brand,google,omg,Web,Mac Desktop,Chrome,US
lxjs0h5vje,878392,20140103191403.0,-unknown-,38.0,basic,0.0,en,direct,direct,untracked,Web,Mac Desktop,Firefox,US
m7q4ydxcgw,13514063,20140106114849.0,-unknown-,47.0,basic,0.0,en,seo,facebook,linked,Web,Windows Desktop,Firefox,other
m8lh34i1zz,954229,20140101234909.0,FEMALE,36.0,facebook,0.0,en,direct,direct,omg,Web,iPad,Mobile Safari,US
m8qa1p2pli,370635,20140106055032.0,-unknown-,47.0,basic,0.0,en,direct,direct,untracked,Web,Mac Desktop,Safari,other
m9pwftkvn2,362353,20140107204217.0,-unknown-,47.0,basic,0.0,en,direct,direct,untracked,Web,Windows Desktop,Firefox,US
mbe1c3cr2l,663958,20140106233813.0,-unknown-,38.0,basic,0.0,en,direct,direct,untracked,Web,Mac Desktop,Chrome,US
mdr26b3ytm,915337,20140107092533.0,FEMALE,33.0,facebook,0.0,en,direct,direct,untracked,Web,Mac Desktop,Firefox,other
mf78yn161t,58098,20140106222233.0,MALE,29.0,basic,0.0,en,direct,direct,omg,Web,Windows Desktop,Firefox,other
mkn2n76fov,1435428,20140102170313.0,FEMALE,38.0,basic,0.0,en,sem-non-brand,google,omg,Web,Windows Desktop,IE,US
mnhfir0ltz,1108682,20140103065631.0,FEMALE,36.0,basic,0.0,en,sem-non-brand,google,omg,Web,Mac Desktop,Chrome,US
mnq1f9ftym,1837496,20140105232150.0,MALE,27.0,basic,0.0,en,direct,direct,linked,Web,Mac Desktop,Safari,US
mnz3nr41ru,392840,20140104012552.0,FEMALE,32.0,basic,0.0,en,sem-brand,google,omg,Web,Mac Desktop,Safari,IT
mos37eipam,7149138,20140102203211.0,-unknown-,45.0,basic,0.0,en,direct,direct,linked,Web,Windows Desktop,IE,US
mrsbt5pb9l,4692694,20140103205255.0,MALE,41.0,facebook,0.0,en,sem-brand,google,omg,Web,Mac Desktop,Safari,US
mrvjvk6ycy,1153310,20140101070820.0,MALE,22.0,facebook,0.0,en,direct,direct,linked,Web,Mac Desktop,Chrome,US
n24zmtb1tb,141743,20140104010302.0,MALE,47.0,basic,0.0,sv,direct,direct,untracked,Web,Windows Desktop,Chrome,US
n735e5y868,67627,20140105090957.0,-unknown-,47.0,basic,0.0,en,sem-brand,google,omg,Web,Mac Desktop,Chrome,US
n8zkl915xd,676875,20140104162659.0,FEMALE,41.0,facebook,0.0,en,sem-brand,google,omg,Web,Mac Desktop,Safari,US
nakg29bmyr,302276,20140103042522.0,MALE,36.0,facebook,0.0,en,direct,direct,omg,Web,Mac Desktop,Safari,US
ne174wyinf,1566485,20140106195943.0,MALE,37.0,facebook,0.0,en,direct,direct,linked,Web,Windows Desktop,Chrome,other
ne62ok6xaf,21619,20140101184145.0,MALE,35.0,facebook,12.0,en,api,other,untracked,iOS,iPhone,Mobile Safari,other
neng1ycvuf,206439,20140104192520.0,FEMALE,24.0,basic,25.0,en,direct,direct,untracked,iOS,Mac Desktop,Chrome,IT
nhvlszecio,1037344,20140103192726.0,FEMALE,26.0,basic,25.0,en,direct,direct,untracked,iOS,iPhone,-unknown-,US
nk647lcrx8,553218,20140105030644.0,-unknown-,47.0,basic,0.0,en,seo,google,linked,Web,Mac Desktop,Chrome,US
nmptg2k3tj,582600,20140101033422.0,-unknown-,47.0,basic,0.0,en,direct,direct,linked,Web,Windows Desktop,Chrome,FR
nn9gt8ygcb,588468,20140104013358.0,-unknown-,47.0,basic,0.0,en,direct,direct,untracked,Web,Windows Desktop,Firefox,US
ntqotc4vsm,291084,20140102181308.0,MALE,41.0,facebook,0.0,en,sem-brand,google,omg,Web,Windows Desktop,Firefox,US
nv0wnv44we,1143218,20140104005315.0,-unknown-,47.0,basic,0.0,en,direct,direct,untracked,Web,Mac Desktop,Chrome,US
nzssdzdz1u,20976,20140101215715.0,-unknown-,47.0,basic,24.0,en,sem-non-brand,google,omg,Moweb,Desktop (Other),Chrome,FR
o0b9kdb7oo,818493,20140106002851.0,MALE,28.0,basic,0.0,en,other,other,tracked-other,Web,Mac Desktop,Safari,US
o4dbywo2zn,34674,20140103164511.0,-unknown-,47.0,basic,0.0,en,direct,direct,untracked,Web,Windows Desktop,Chrome,other
o4wli8q6rl,2317443,20140105001044.0,FEMALE,26.0,facebook,0.0,en,sem-brand,google,omg,Web,Mac Desktop,Chrome,US
o77ldkad1m,7172328,20140104205026.0,-unknown-,36.0,basic,0.0,en,direct,direct,linked,Web,Mac Desktop,Safari,other
o7tqcmkzuk,3079301,20140104053820.0,FEMALE,32.0,basic,0.0,en,seo,google,linked,Web,Mac Desktop,Chrome,US
o7ygwkv4y9,21180,20140107022229.0,FEMALE,35.0,facebook,12.0,en,api,other,untracked,iOS,iPhone,-unknown-,US
oa8oz6sj6s,1126585,20140101023848.0,MALE,40.0,basic,0.0,en,direct,direct,linked,Web,Mac Desktop,Chrome,US
obp2xqhlou,2457241,20140103183744.0,MALE,28.0,basic,0.0,en,direct,direct,tracked-other,Web,Mac Desktop,Safari,US
odcypvdh00,704583,20140105204046.0,FEMALE,34.0,basic,0.0,en,direct,direct,tracked-other,Web,Mac Desktop,Safari,US
ohndwr9xi3,4047611,20140104044918.0,FEMALE,26.0,basic,0.0,en,sem-brand,google,omg,Web,Mac Desktop,Safari,US
ojrph2c34l,292693,20140105000942.0,-unknown-,40.0,basic,0.0,en,direct,direct,linked,Web,Mac Desktop,Firefox,US
ong40nchcs,107882,20140107004518.0,MALE,46.0,basic,0.0,en,direct,direct,untracked,Web,Mac Desktop,Safari,US
oscgzwb373,3734778,20140107181150.0,MALE,33.0,facebook,0.0,en,direct,direct,linked,Web,Mac Desktop,Chrome,US
ospxjl3y2s,875650,20140101210302.0,FEMALE,34.0,basic,24.0,en,direct,direct,untracked,Moweb,Android Phone,Chrome Mobile,IT
ovkov1dijr,5167064,20140106044007.0,MALE,26.0,basic,24.0,en,other,other,tracked-other,Moweb,Android Phone,Android Browser,US
owfuuy0nz9,323582,20140105075700.0,FEMALE,29.0,facebook,12.0,en,api,other,untracked,iOS,iPhone,Mobile Safari,US
oxhq020kmo,2642273,20140102061932.0,FEMALE,29.0,basic,0.0,en,direct,direct,untracked,Web,Mac Desktop,Safari,US
oyxi9nfok8,131385,20140105074924.0,-unknown-,47.0,basic,0.0,en,sem-non-brand,google,omg,Web,Mac Desktop,Chrome,other
p1efa8d2k1,2466099,20140106040535.0,MALE,35.0,basic,0.0,en,sem-brand,google,omg,Web,Windows Desktop,Firefox,other
p1zg2w21gs,2818437,20140103060222.0,MALE,31.0,basic,0.0,en,direct,direct,omg,Web,Mac Desktop,Safari,GB
p2bv4mpv7v,1115043,20140106195514.0,FEMALE,26.0,facebook,0.0,en,direct,direct,untracked,Web,Mac Desktop,Chrome,other
p3cwld47ux,1537023,20140105060426.0,MALE,47.0,basic,0.0,en,direct,direct,untracked,Web,Mac Desktop,Chrome,US
p6pj02hrdc,3772073,20140106053526.0,FEMALE,34.0,facebook,0.0,en,direct,direct,untracked,Web,iPad,Mobile Safari,US
pbc0opr27f,2916238,20140103182707.0,MALE,35.0,basic,0.0,en,direct,direct,untracked,Web,Mac Desktop,Firefox,US
pcd03gulyn,685464,20140107234716.0,-unknown-,47.0,basic,0.0,en,direct,direct,linked,Web,Mac Desktop,Chrome,US
pd681u8cg4,239515,20140106113731.0,-unknown-,36.0,basic,0.0,en,direct,direct,untracked,Web,Windows Desktop,Chrome,other
pdhhlgfp58,3781847,20140106011400.0,MALE,28.0,basic,0.0,en,sem-non-brand,google,omg,Web,Windows Desktop,Firefox,US
pjdb9lhc7f,351361,20140107212739.0,-unknown-,47.0,basic,0.0,en,direct,direct,untracked,Web,Mac Desktop,Chrome,US
pm9dx88fzk,4433497,20140107213751.0,FEMALE,28.0,basic,0.0,en,direct,direct,untracked,Web,Mac Desktop,Firefox,US
po0a3zzndq,2616173,20140105230539.0,FEMALE,36.0,facebook,0.0,en,sem-brand,google,omg,Web,Windows Desktop,Firefox,US
pq93p8o79n,93060,20140105012845.0,-unknown-,47.0,basic,0.0,en,direct,direct,linked,Web,Mac Desktop,Safari,ES
psx4s4zby7,21224,20140104114516.0,FEMALE,23.0,facebook,12.0,en,api,other,untracked,iOS,iPhone,-unknown-,US
ptckroqbft,977174,20140107012048.0,FEMALE,40.0,basic,0.0,en,sem-brand,google,omg,Web,Windows Desktop,IE,DE
pv55ygcvlr,2357524,20140107231724.0,FEMALE,45.0,facebook,0.0,en,direct,direct,linked,Web,Windows Desktop,Firefox,US
pvvg01k05z,2945463,20140105044942.0,FEMALE,27.0,facebook,0.0,en,direct,direct,untracked,Web,Mac Desktop,Chrome,US
pw1w4a5tbr,1395873,20140102215345.0,MALE,41.0,facebook,0.0,en,direct,direct,untracked,Web,Windows Desktop,IE,other
q3398aeyud,22277,20140107031943.0,MALE,47.0,basic,0.0,en,direct,direct,linked,Web,Windows Desktop,Firefox,US
q4e8lwfu9w,2098572,20140105071405.0,FEMALE,26.0,facebook,0.0,en,sem-brand,google,omg,Web,Mac Desktop,Chrome,US
q4ygs6lt3q,1129564,20140102052157.0,-unknown-,47.0,basic,0.0,en,sem-non-brand,google,omg,Web,iPad,Mobile Safari,US
q58u95e7qq,1082691,20140104170209.0,MALE,27.0,facebook,0.0,en,seo,google,linked,Web,Windows Desktop,Chrome,US
q7e6kef9u2,1568448,20140105232044.0,-unknown-,47.0,basic,0.0,en,sem-brand,google,omg,Web,Mac Desktop,Firefox,US
q83d1akfql,1605150,20140107024031.0,MALE,27.0,facebook,12.0,en,api,other,untracked,iOS,iPad,-unknown-,US
q984tn6j43,373898,20140105052233.0,-unknown-,25.0,basic,0.0,en,seo,google,tracked-other,Web,Mac Desktop,Chrome,US
qahqej0xn4,1204341,20140103025348.0,MALE,24.0,facebook,12.0,en,api,other,untracked,Moweb,iPhone,Chrome Mobile,US
qgpz3thwj8,482381,20140105011129.0,-unknown-,47.0,basic,0.0,en,direct,direct,linked,Web,Windows Desktop,IE,US
qguocnjorw,776000,20140107054215.0,-unknown-,47.0,basic,25.0,en,direct,direct,untracked,iOS,Windows Desktop,Chrome,US
qil0jh7amq,319560,20140106070740.0,FEMALE,32.0,facebook,12.0,en,api,other,untracked,iOS,iPhone,-unknown-,US
qk6bw4w4uh,51539,20140102201206.0,FEMALE,30.0,facebook,0.0,en,direct,direct,untracked,Web,Mac Desktop,Firefox,ES
qmt63cmgsx,292278,20140103063100.0,FEMALE,23.0,basic,0.0,en,direct,direct,untracked,Web,Mac Desktop,Chrome,DE
qu8n125dfu,1444305,20140104013355.0,-unknown-,47.0,basic,0.0,en,direct,direct,linked,Web,Windows Desktop,IE,US
qxedpkzz79,1441019,20140107065257.0,FEMALE,39.0,basic,0.0,en,direct,direct,untracked,Web,Mac Desktop,Chrome,FR
r23dvuejj6,21671,20140103181930.0,FEMALE,23.0,facebook,12.0,fr,api,other,untracked,iOS,iPhone,Mobile Safari,US
r42pnax5q0,15498,20140107061820.0,FEMALE,41.0,facebook,0.0,en,direct,direct,untracked,Web,Mac Desktop,Safari,US
r68m6odoos,3681801,20140104010337.0,-unknown-,31.0,basic,0.0,en,sem-non-brand,vast,omg,Web,Windows Desktop,IE,US
r6jyrxsb5z,4775202,20140103042927.0,MALE,36.0,basic,0.0,en,direct,direct,untracked,Web,Windows Desktop,Chrome,GB
r8jcjk3mpo,2618909,20140106022247.0,MALE,47.0,basic,0.0,en,direct,direct,untracked,Web,Mac Desktop,Safari,IT
raatnx2x8u,2895770,20140102025033.0,MALE,24.0,basic,0.0,en,direct,direct,untracked,Web,Mac Desktop,Chrome,IT
raxlbtfsjp,4403688,20140102184905.0,-unknown-,29.0,basic,12.0,en,api,other,untracked,Android,Other/Unknown,-unknown-,US
rbsat97n4h,2232322,20140106233711.0,FEMALE,25.0,basic,0.0,en,direct,direct,untracked,Web,Windows Desktop,Chrome,US
rd6b8wwt58,21581,20140104074334.0,MALE,32.0,facebook,12.0,en,api,other,omg,iOS,Mac Desktop,Safari,NL
rgxarm3tux,1103464,20140104010652.0,FEMALE,26.0,facebook,12.0,en,api,other,untracked,Android,Other/Unknown,-unknown-,US
rl8ofuoczw,2143680,20140106004444.0,MALE,46.0,basic,0.0,en,direct,direct,linked,Web,Windows Desktop,Chrome,US
rn68o79iua,2353336,20140104154650.0,MALE,25.0,basic,23.0,en,direct,direct,untracked,Android,Other/Unknown,-unknown-,US
rnc5rv3ric,1542000,20140103181342.0,-unknown-,37.0,basic,25.0,en,direct,direct,untracked,iOS,Mac Desktop,Safari,US
ro2elbl7cr,1780735,20140103232939.0,FEMALE,29.0,basic,0.0,en,direct,direct,linked,Web,Mac Desktop,Safari,US
ro2stddszp,1157257,20140101005503.0,-unknown-,19.0,basic,0.0,en,sem-brand,google,untracked,Web,Mac Desktop,Safari,other
rstdvh8vbc,2341470,20140103181211.0,MALE,26.0,facebook,0.0,en,direct,direct,tracked-other,Web,Mac Desktop,Safari,US
rxm44vrlur,790128,20140106031818.0,-unknown-,47.0,basic,0.0,en,direct,direct,untracked,Web,Windows Desktop,Firefox,US
s3v8vadqfj,4702115,20140107020839.0,MALE,40.0,facebook,12.0,en,api,other,untracked,Android,Other/Unknown,-unknown-,US
s4hridk8y3,945072,20140103083834.0,-unknown-,47.0,basic,0.0,en,direct,direct,omg,Web,iPad,Mobile Safari,US
s54mvdxf0r,511601,20140107083807.0,MALE,28.0,facebook,0.0,en,sem-brand,google,linked,Web,Windows Desktop,Chrome,US
s8nlubsrch,1716733,20140102185511.0,-unknown-,47.0,basic,0.0,en,direct,direct,untracked,Web,Mac Desktop,Firefox,other
s9xrwtyzsq,1258956,20140101012345.0,MALE,30.0,basic,0.0,en,sem-brand,google,omg,Web,iPad,Mobile Safari,US
saag3u2n4a,253749,20140107212706.0,MALE,28.0,facebook,12.0,en,api,other,omg,Moweb,Windows Desktop,Chrome,US
san4rd49ri,543414,20140105171515.0,-unknown-,47.0,basic,0.0,en,direct,direct,untracked,Web,Mac Desktop,Firefox,US
sbvey85m7w,714103,20140105224603.0,-unknown-,29.0,basic,0.0,en,direct,direct,untracked,Web,Windows Desktop,Chrome,US
segkog5dbp,64985,20140105034204.0,MALE,26.0,facebook,0.0,en,direct,direct,linked,Web,Mac Desktop,Safari,other
sgqp9v6a45,405879,20140102091130.0,FEMALE,24.0,basic,0.0,en,sem-brand,google,omg,Web,Mac Desktop,Safari,US
sjecbinecs,681410,20140104025808.0,MALE,26.0,basic,0.0,en,direct,direct,untracked,Web,Windows Desktop,Chrome,US
sjsvv05wkr,6259377,20140104052806.0,FEMALE,25.0,basic,0.0,en,direct,direct,linked,Web,Mac Desktop,Safari,US
skl45zlo2z,22156,20140104190310.0,FEMALE,32.0,facebook,12.0,en,api,other,untracked,iOS,iPhone,-unknown-,US
slk8p7p5pt,2983281,20140107174525.0,-unknown-,47.0,basic,0.0,en,sem-brand,google,linked,Web,iPad,Mobile Safari,US
sp5c2slxtq,834179,20140107184830.0,MALE,31.0,basic,0.0,en,direct,direct,untracked,Web,Mac Desktop,Chrome,US
sp77zqrdhv,3405268,20140104205757.0,-unknown-,47.0,basic,0.0,en,direct,direct,untracked,Web,Mac Desktop,Safari,US
spja0wlfwm,434065,20140106021808.0,MALE,32.0,facebook,0.0,en,direct,direct,untracked,Web,Mac Desktop,Chrome,US
srykgkylee,21222,20140103074423.0,MALE,32.0,facebook,12.0,en,api,other,untracked,iOS,iPhone,-unknown-,US
stiseqi6h6,288703,20140101075428.0,-unknown-,47.0,basic,0.0,en,direct,direct,untracked,Web,Windows Desktop,Firefox,IT
svvmc721nb,120450,20140105212855.0,FEMALE,29.0,facebook,12.0,en,api,other,untracked,Android,Other/Unknown,-unknown-,US
swr4yh3mzy,962573,20140105210355.0,MALE,37.0,facebook,0.0,en,direct,direct,linked,Web,Android Tablet,IE,US
sy0qzb8gac,799821,20140104072209.0,-unknown-,47.0,basic,0.0,en,direct,direct,linked,Web,Windows Desktop,Chrome,US
sygcehdjpr,6081701,20140107174404.0,FEMALE,36.0,basic,0.0,en,direct,direct,untracked,Web,Windows Desktop,Chrome,US
syqwv14bkt,1272355,20140105031059.0,-unknown-,30.0,basic,0.0,en,direct,direct,product,Web,Mac Desktop,Chrome,other
t2lyo2injy,2169185,20140104223119.0,FEMALE,29.0,facebook,12.0,en,api,other,untracked,Moweb,iPhone,-unknown-,US
t4mzbx6mbz,364032,20140106053305.0,MALE,28.0,basic,0.0,en,direct,direct,linked,Web,Windows Desktop,Chrome,US
t5je0x8nt7,762886,20140102054524.0,FEMALE,30.0,basic,0.0,en,sem-brand,google,omg,Web,Mac Desktop,Chrome,US
t6oxfwvb55,21240,20140107180259.0,MALE,30.0,facebook,12.0,en,api,other,untracked,iOS,Mac Desktop,Firefox,US
t77km8bqfk,1536941,20140105220833.0,MALE,38.0,facebook,0.0,en,sem-brand,google,omg,Web,iPad,Mobile Safari,US
t7m5p0csyg,5023172,20140107190111.0,-unknown-,47.0,basic,0.0,en,direct,direct,untracked,Web,Windows Desktop,Chrome,US
tbb3tcia4z,3443428,20140102235923.0,-unknown-,47.0,basic,0.0,en,direct,direct,untracked,Web,Mac Desktop,Safari,IT
tdqmdgb8ai,528179,20140103033605.0,-unknown-,38.0,basic,0.0,en,sem-brand,google,omg,Web,Mac Desktop,Safari,ES
tdvk436dfl,134420,20140107001353.0,FEMALE,21.0,basic,0.0,en,direct,direct,linked,Web,Windows Desktop,Chrome,US
tfkk2fslp4,25178,20140105232255.0,MALE,40.0,basic,0.0,en,sem-non-brand,bing,omg,Web,Mac Desktop,Firefox,US
tjl0xqtg2b,2044944,20140104175617.0,-unknown-,47.0,basic,0.0,en,direct,direct,untracked,Web,Windows Desktop,Chrome,ES
tlo8rg9eqp,1656942,20140105030144.0,MALE,35.0,facebook,0.0,ko,sem-brand,google,omg,Web,Windows Desktop,Chrome,US
tn29yegkut,471056,20140107195340.0,FEMALE,24.0,facebook,0.0,en,sem-brand,google,omg,Web,Mac Desktop,Safari,US
tnj6sonw3q,1772951,20140107135811.0,MALE,28.0,basic,0.0,en,direct,direct,untracked,Web,iPhone,-unknown-,other
toze1nfq1d,2712338,20140106030019.0,-unknown-,36.0,basic,0.0,en,sem-non-brand,google,omg,Web,Windows Desktop,IE,US
tpe51xu18b,1928273,20140104210736.0,-unknown-,26.0,basic,0.0,en,direct,direct,linked,Web,Mac Desktop,Safari,FR
trgiriqxd1,2232909,20140105053540.0,FEMALE,33.0,facebook,0.0,en,sem-non-brand,google,omg,Web,iPad,Mobile Safari,US
ty441wjob4,1497992,20140103094720.0,MALE,25.0,facebook,0.0,en,sem-brand,google,omg,Web,Windows Desktop,Chrome,US
u1jbzzxi9w,2731000,20140103160705.0,MALE,32.0,basic,25.0,en,direct,direct,untracked,iOS,iPhone,Mobile Safari,US
u34j5v6w0d,1015759,20140102010816.0,MALE,33.0,facebook,0.0,en,direct,direct,untracked,Web,Mac Desktop,Chrome,US
u570nh79o3,2023955,20140103215842.0,FEMALE,47.0,basic,0.0,en,direct,direct,linked,Web,Mac Desktop,Safari,US
u6h96wcvh2,442820,20140106073104.0,FEMALE,40.0,facebook,12.0,en,api,other,untracked,Android,Other/Unknown,-unknown-,US
u6wmqqelc9,2093663,20140103122402.0,MALE,32.0,basic,0.0,en,direct,direct,linked,Web,Mac Desktop,Safari,US
u7lspsqr3t,2129373,20140103011039.0,MALE,31.0,basic,0.0,en,direct,direct,linked,Web,Mac Desktop,Firefox,US
uandb2gfmy,1748236,20140102020211.0,-unknown-,37.0,basic,0.0,en,direct,direct,linked,Web,Windows Desktop,Chrome,US
ucs2rgo2zk,225810,20140104224207.0,-unknown-,30.0,basic,0.0,en,direct,direct,untracked,Web,Mac Desktop,Chrome,FR
uieisn1kzc,1377500,20140105020826.0,MALE,34.0,facebook,0.0,en,direct,direct,linked,Web,Mac Desktop,Safari,US
uyb283j6j0,2238494,20140101173317.0,-unknown-,47.0,basic,25.0,en,direct,direct,untracked,iOS,iPhone,-unknown-,US
uymfe3nch8,120376,20140103224552.0,MALE,24.0,basic,25.0,en,direct,direct,untracked,iOS,iPhone,Mobile Safari,US
v0luv8hwn9,983333,20140103095931.0,FEMALE,32.0,facebook,0.0,ko,direct,direct,untracked,Web,Windows Desktop,Chrome,US
v1iey90tml,2841713,20140103231150.0,FEMALE,25.0,basic,0.0,en,direct,direct,untracked,Web,Mac Desktop,Safari,US
v1penj61kr,3390579,20140102185250.0,FEMALE,31.0,basic,0.0,en,direct,direct,linked,Web,Windows Desktop,Chrome,CA
v85q97cmsd,666664,20140107231216.0,FEMALE,36.0,basic,0.0,en,direct,direct,untracked,Web,Windows Desktop,IE,CA
va8unujwce,114829,20140107170042.0,-unknown-,44.0,basic,0.0,en,direct,direct,linked,Web,Mac Desktop,Chrome,US
vkultu07it,1332447,20140107071757.0,FEMALE,28.0,basic,24.0,en,direct,direct,untracked,Moweb,iPhone,Mobile Safari,US
vnfnrya1ja,842976,20140103195022.0,FEMALE,34.0,basic,25.0,en,direct,direct,untracked,iOS,Mac Desktop,Safari,US
vp5j1cdrby,659108,20140104030531.0,FEMALE,32.0,basic,0.0,en,direct,direct,linked,Web,Mac Desktop,Chrome,US
vuops96lex,909161,20140107154251.0,MALE,29.0,basic,12.0,en,api,other,tracked-other,Android,Mac Desktop,Safari,US
vv8jg0rgve,922881,20140107235051.0,MALE,31.0,basic,0.0,en,direct,direct,untracked,Web,Windows Desktop,Firefox,US
vvbc9brhi8,2938866,20140105221609.0,-unknown-,47.0,basic,0.0,en,direct,direct,untracked,Web,Windows Desktop,IE,other
vze1rdnzbd,1268593,20140104031641.0,MALE,44.0,basic,0.0,en,direct,direct,linked,Web,Mac Desktop,Safari,US
w3chf9w4mu,1412456,20140106223531.0,-unknown-,47.0,basic,0.0,en,direct,direct,untracked,Web,Mac Desktop,Chrome,US
w3kojvo2vl,770933,20140103042719.0,-unknown-,47.0,basic,0.0,en,sem-brand,google,linked,Web,Windows Desktop,Firefox,US
w4ci57iy7j,787440,20140106234641.0,MALE,31.0,facebook,0.0,en,seo,google,linked,Web,Windows Desktop,Chrome,other
wanl1d81fs,21297,20140103004839.0,FEMALE,26.0,facebook,12.0,en,api,other,untracked,iOS,iPhone,-unknown-,US
weajbcg37h,2589256,20140101211402.0,FEMALE,31.0,basic,0.0,en,sem-non-brand,google,omg,Web,Windows Desktop,Chrome,US
wf3xlrsceg,1490438,20140106192526.0,FEMALE,39.0,basic,0.0,en,direct,direct,linked,Web,Mac Desktop,Chrome,US
wfuzmk91dq,6528684,20140104072728.0,-unknown-,47.0,basic,0.0,en,sem-non-brand,google,omg,Web,Windows Desktop,Chrome,AU
wg8p1mnqaf,361517,20140103193807.0,MALE,26.0,basic,0.0,en,direct,direct,untracked,Web,Mac Desktop,Chrome,US
whaxykfrsv,1140870,20140107051758.0,-unknown-,47.0,basic,0.0,en,direct,direct,untracked,Web,Mac Desktop,Firefox,US
wk7xy4i5z2,1965914,20140106075819.0,MALE,25.0,basic,0.0,en,sem-brand,google,omg,Web,Mac Desktop,Safari,US
wkh98a4vp8,2341189,20140104212735.0,-unknown-,47.0,basic,0.0,en,direct,direct,linked,Web,Mac Desktop,Safari,IT
wldq2f2y14,250109,20140106031913.0,-unknown-,47.0,basic,0.0,en,direct,direct,untracked,Web,Mac Desktop,Safari,US
wmwzbvnjcz,3695201,20140102051426.0,MALE,38.0,facebook,0.0,en,direct,direct,untracked,Web,Mac Desktop,Firefox,US
wp34bgg84z,1193214,20140103172536.0,FEMALE,35.0,basic,0.0,en,sem-brand,google,omg,Web,Windows Desktop,Chrome,US
wp798og7p6,156075,20140106044629.0,-unknown-,47.0,basic,25.0,en,direct,direct,omg,iOS,iPad,Mobile Safari,other
wpcu232nlk,4121505,20140106005413.0,-unknown-,47.0,basic,0.0,en,direct,direct,untracked,Web,Windows Desktop,IE,US
wpntjrxmbs,1899255,20140105095213.0,MALE,30.0,basic,0.0,en,sem-brand,google,omg,Web,Windows Desktop,Chrome,AU
wqqljy5tpd,3154979,20140103054213.0,FEMALE,41.0,facebook,0.0,en,direct,direct,untracked,Web,Mac Desktop,Firefox,US
ws05jbp0v7,51286,20140102014212.0,FEMALE,33.0,basic,0.0,en,direct,direct,linked,Web,Mac Desktop,Firefox,US
wxlx861nmj,2145419,20140102040736.0,FEMALE,28.0,facebook,12.0,en,api,other,untracked,iOS,iPhone,-unknown-,US
x4qic3qqdf,2192014,20140102032004.0,-unknown-,47.0,basic,0.0,en,direct,direct,untracked,Web,Mac Desktop,Safari,US
x5o3yxsc4e,21678,20140105234756.0,FEMALE,35.0,facebook,12.0,it,api,other,untracked,iOS,Windows Desktop,IE,FR
x68nx07deq,878438,20140104190803.0,MALE,33.0,basic,0.0,en,sem-brand,google,untracked,Web,Windows Desktop,Chrome,US
x6icfatdhc,74224,20140104000119.0,FEMALE,34.0,facebook,0.0,en,sem-brand,google,omg,Web,Windows Desktop,IE,US
xbnxxh804a,640390,20140102053117.0,-unknown-,47.0,basic,0.0,en,direct,direct,untracked,Web,Mac Desktop,Safari,other
xbv7y5sv3k,794611,20140105235007.0,FEMALE,29.0,basic,0.0,en,direct,direct,untracked,Web,Windows Desktop,Firefox,US
xdeg90odu7,3125525,20140107220514.0,-unknown-,47.0,basic,0.0,en,sem-non-brand,google,omg,Web,Mac Desktop,Safari,GB
xee79dpbvu,1424779,20140107033800.0,FEMALE,29.0,basic,0.0,en,direct,direct,linked,Web,iPhone,Mobile Safari,US
xey29rymlj,688318,20140103042935.0,FEMALE,28.0,facebook,0.0,en,direct,direct,untracked,Web,iPad,Mobile Safari,US
xfpn2xw6b6,521251,20140106224023.0,MALE,47.0,basic,0.0,en,direct,direct,linked,Web,Mac Desktop,Chrome,US
xfzss12qhz,491819,20140104191507.0,-unknown-,34.0,basic,0.0,en,direct,direct,untracked,Web,Mac Desktop,Chrome,FR
xg2m2lrou4,5853670,20140107034151.0,MALE,49.0,basic,0.0,en,sem-non-brand,google,linked,Web,Windows Desktop,Chrome,US
xgxkf4rs2d,1760174,20140104054857.0,-unknown-,47.0,basic,0.0,en,sem-brand,google,omg,Web,Mac Desktop,Safari,US
xhm0u1w81e,412648,20140104060534.0,MALE,32.0,facebook,0.0,en,direct,direct,untracked,Web,Mac Desktop,Chrome,US
xicwkm1a33,894468,20140104194859.0,FEMALE,31.0,basic,0.0,en,direct,direct,untracked,Web,Mac Desktop,Safari,other
xng72xc2qe,1886265,20140106015411.0,-unknown-,34.0,basic,0.0,en,other,other,untracked,Web,Mac Desktop,Chrome,US
xo4zk51kme,2502322,20140106233317.0,FEMALE,35.0,basic,0.0,en,direct,direct,untracked,Web,Windows Desktop,Firefox,US
xr92rkx232,1251418,20140106001103.0,FEMALE,29.0,facebook,0.0,en,sem-brand,google,omg,Web,Windows Desktop,Chrome,US
xt9cct3ose,6815084,20140103214327.0,MALE,29.0,basic,0.0,es,direct,direct,linked,Web,Mac Desktop,Safari,ES
xu1xtzfz04,189398,20140107065748.0,MALE,28.0,facebook,0.0,en,direct,direct,untracked,Web,Windows Desktop,Chrome,US
xwxei6hdk4,49673,20140101002742.0,FEMALE,32.0,facebook,0.0,en,seo,google,linked,Web,iPad,Mobile Safari,US
xxk4ydzhc0,14996169,20140107234548.0,FEMALE,37.0,basic,0.0,en,remarketing,google,linked,Web,Mac Desktop,Firefox,US
y1rs6e7jyh,3092280,20140102000545.0,MALE,39.0,basic,0.0,en,direct,direct,untracked,Web,Mac Desktop,Chrome,other
y3eqyxi2ar,2883006,20140106051050.0,-unknown-,18.0,basic,0.0,en,direct,direct,untracked,Web,Mac Desktop,Firefox,other
ybmqwj7n12,9329262,20140103203037.0,-unknown-,47.0,basic,0.0,en,direct,direct,untracked,Web,Mac Desktop,Firefox,US
yd2n0i1u9n,4719494,20140107193534.0,FEMALE,26.0,facebook,0.0,en,direct,direct,untracked,Web,Windows Desktop,Chrome,US
ydovguixoh,1255389,20140103210242.0,MALE,30.0,basic,0.0,en,direct,direct,linked,Web,Windows Desktop,IE,US
yetxlyyeja,530619,20140101180833.0,MALE,34.0,basic,0.0,en,direct,direct,untracked,Web,Windows Desktop,IE,other
yiowd9fss6,1723192,20140105191714.0,-unknown-,47.0,basic,0.0,en,sem-brand,google,omg,Web,Mac Desktop,Firefox,US
yitb6vxgi7,426713,20140102162836.0,MALE,33.0,facebook,0.0,en,direct,direct,untracked,Web,Windows Desktop,IE,other
yj3fkvxob9,2277862,20140103031957.0,MALE,28.0,facebook,0.0,en,sem-brand,google,omg,Web,Mac Desktop,Chrome,other
yk8xlgvgum,4374422,20140106192158.0,FEMALE,35.0,basic,0.0,en,direct,direct,untracked,Web,Mac Desktop,Safari,US
ymqbeslrs8,695699,20140107204038.0,FEMALE,25.0,basic,0.0,en,direct,direct,linked,Web,Windows Desktop,Chrome,US
ysbgjmwlln,1664056,20140106212510.0,-unknown-,34.0,basic,0.0,en,direct,direct,linked,Web,Mac Desktop,Chrome,US
yurm2gzc9n,1792821,20140107183130.0,-unknown-,25.0,basic,23.0,en,direct,direct,untracked,Android,Other/Unknown,-unknown-,US
yv59cnuus8,780244,20140105214535.0,MALE,47.0,basic,0.0,en,direct,direct,linked,Web,Mac Desktop,Chrome,US
yx2iipztu3,1186655,20140103020644.0,-unknown-,47.0,basic,0.0,en,direct,direct,untracked,Web,iPad,Mobile Safari,US
yx5iw31wia,560775,20140105184557.0,-unknown-,47.0,basic,24.0,en,direct,direct,untracked,Moweb,Mac Desktop,Safari,US
yxarafki87,984132,20140102193018.0,FEMALE,30.0,facebook,0.0,en,direct,direct,untracked,Web,Windows Desktop,Firefox,US
z4c4zf57x8,1174744,20140106220718.0,FEMALE,32.0,basic,0.0,en,direct,direct,untracked,Web,Mac Desktop,Firefox,other
z5xoxx5z5l,21591,20140103043031.0,MALE,21.0,facebook,12.0,en,api,other,untracked,iOS,Mac Desktop,Safari,US
zepgy5emhl,1833487,20140102002407.0,MALE,26.0,facebook,0.0,en,direct,direct,untracked,Web,Mac Desktop,Chrome,US
zj9cjm7yza,942991,20140105005017.0,-unknown-,47.0,basic,0.0,en,direct,direct,untracked,Web,Windows Desktop,Chrome,US
zkylh5syhw,2441070,20140104092022.0,MALE,22.0,basic,24.0,en,direct,direct,untracked,Moweb,iPhone,Mobile Safari,US
znj2l3v5u3,3189352,20140102181924.0,FEMALE,22.0,basic,0.0,en,seo,facebook,untracked,Web,Mac Desktop,Chrome,US
znsbkmgfe5,684142,20140104111458.0,-unknown-,47.0,basic,0.0,en,sem-brand,google,untracked,Web,Windows Desktop,Firefox,FR
zo94t7953i,318623,20140107045359.0,-unknown-,26.0,basic,0.0,en,direct,direct,linked,Web,Mac Desktop,Safari,US
zoqtiegj6g,984967,20140107160712.0,MALE,21.0,facebook,0.0,en,direct,direct,untracked,Web,Mac Desktop,Safari,other
zqsf4g3jd2,1407034,20140107094313.0,FEMALE,19.0,basic,0.0,en,direct,direct,untracked,Web,Mac Desktop,Chrome,US
zqtnw7xdb1,1386594,20140103202840.0,-unknown-,33.0,basic,0.0,en,sem-non-brand,google,omg,Web,Windows Desktop,IE,US
zr52g89zhh,234330,20140104222338.0,MALE,34.0,facebook,0.0,en,direct,direct,omg,Web,Mac Desktop,Safari,other
ztef080me0,3492933,20140105143607.0,FEMALE,25.0,facebook,0.0,fr,seo,facebook,linked,Web,Mac Desktop,Firefox,US
zwgxv8daxs,50748,20140104031824.0,MALE,32.0,facebook,0.0,en,seo,google,linked,Web,Windows Desktop,Chrome,FR
zxepsk5fy2,160276,20140105190822.0,MALE,31.0,basic,0.0,en,sem-brand,google,omg,Web,iPad,Chrome Mobile,US
zyb9wrugt1,233542,20140104214438.0,MALE,47.0,basic,0.0,en,direct,direct,untracked,Web,Windows Desktop,Chrome,US
